CCT,Plantel,Subnivel,Subsistema,Municipio,Localidad,Colonia/Asentamiento,Calle,NumExt,Sostenimiento,Dependencia,Dominio (institucional público),Fuente (si aplica)
22MMS0283P,ACADEMIA CASA HOGAR SOR JUANA INÉS DE LA CRUZ A.C.,BACHILLERATO GENERAL,PRIVADO,CADEREYTA DE MONTES,CADEREYTA DE MONTES,,CALLE AQUILES SERDAN,6.0,PRIVADO,ASOCIACIÓN CIVIL,,
22MMS0287L,PREPARATORIA CENTRO ESCOLAR CADEREYTA,BACHILLERATO GENERAL,PRIVADO,CADEREYTA DE MONTES,CADEREYTA DE MONTES,FUENTES Y PUEBLO NUEVO,CALLE H. COLEGIO MILITAR,12.0,PRIVADO,ASOCIACIÓN CIVIL,,
22MMS0286M,PREPA CEICKOR,BACHILLERATO GENERAL,PRIVADO,COLÓN,COLÓN,SANTA MARTHA FRACCION DE LA TRINIDAD,DOMICILIO CONOCIDO,,PRIVADO,ASOCIACIÓN CIVIL,,
22MMS0161E,BACHILLERATO CARL ROGERS,BACHILLERATO GENERAL,PRIVADO,CORREGIDORA,EL PUEBLITO,,CALLE MIGUEL HIDALGO,108.0,PRIVADO,ASOCIACIÓN CIVIL,,
22MMS0218P,BACHILLERATO UGM QUERETARO,BACHILLERATO GENERAL,PRIVADO,CORREGIDORA,EL PUEBLITO,,AVENIDA RIVERA DEL RÍO,101.0,PRIVADO,ASOCIACIÓN CIVIL,,
22MMS0282Q,BUCKINGHAM HIGH SCHOOL,BACHILLERATO GENERAL,PRIVADO,CORREGIDORA,EL PUEBLITO,EL FORTIN,PROLONGACIÓN CHABACANO,1.0,PRIVADO,SOCIEDAD CIVIL,,
22MMS0298R,COLEGIO CASTELLANO PREPARATORIA,BACHILLERATO GENERAL,PRIVADO,CORREGIDORA,EL PUEBLITO,CENTRO,PRIVADA FRAY SEBASTIAN DE GALLEGOS,2.0,PRIVADO,SOCIEDAD CIVIL,,
22MMS0155U,COLEGIO CELTA INTERNACIONAL,BACHILLERATO GENERAL,PRIVADO,CORREGIDORA,LOS OLVERA,LOS OLVERA,AVENIDA CAMINO REAL,19.0,PRIVADO,ASOCIACIÓN CIVIL,celta.edu.mx,Celta contact emails show @celta.edu.mx
22MMS0143P,COLEGIO FONTANAR,BACHILLERATO GENERAL,PRIVADO,CORREGIDORA,SAN FRANCISCO,VISTA REAL,CALLE CAMINO AL FRACC. VISTA REAL,119.0,PRIVADO,ASOCIACIÓN CIVIL,,
22MMS0258Q,COLEGIO MILITARIZADO NUEVO MEXICO CAMPUS QUERETARO,BACHILLERATO GENERAL,PRIVADO,CORREGIDORA,LOS OLVERA,LOS OLVERA,CALLE SHINDO,2.0,PRIVADO,ASOCIACIÓN CIVIL,,
22MMS0167Z,"COLEGIO SOUTH HILL DE QUERETARO, S.C.",BACHILLERATO GENERAL,PRIVADO,CORREGIDORA,EL PUEBLITO,EL RETABLO,AVENIDA CAMINO A VANEGAS,35.0,PRIVADO,ASOCIACIÓN CIVIL,,
22MMS0168Y,COLEGIO WEXFORD,BACHILLERATO GENERAL,PRIVADO,CORREGIDORA,EL PUEBLITO,NEGRETA,CALLE CARRETERA A HUIMILPAN KM 1.2,,PRIVADO,ASOCIACIÓN CIVIL,,
22MMS0264A,HIGH SCHOOL JOHN DEWEY,BACHILLERATO GENERAL,PRIVADO,CORREGIDORA,LOS OLVERA,,CAMINO A LOS OLVERA,700.0,PRIVADO,SOCIEDAD CIVIL,,
22MMS0130L,INSTITUTO ORIENTE QUERETARO,BACHILLERATO GENERAL,PRIVADO,CORREGIDORA,EL PUEBLITO,CENTRO,CALLE PASEO DEL GRAN CUE,31.0,PRIVADO,ASOCIACIÓN CIVIL,,
22MMS0274H,INSTITUTO UNIVERSITARIO DE DESARROLLO HUMANO E INNOVACIÓN PROFESIONAL,BACHILLERATO GENERAL,PRIVADO,CORREGIDORA,EL PUEBLITO,PUEBLO NUEVO,CALLE RUFINO TAMAYO,9.0,PRIVADO,SOCIEDAD CIVIL,,
22MMS0139C,LA PROVIDENCIA,BACHILLERATO GENERAL,PRIVADO,CORREGIDORA,EL PUEBLITO,,CALLE CAPILLA,9.0,PRIVADO,ASOCIACIÓN CIVIL,,
22MMS0301O,PREPA CAV,BACHILLERATO GENERAL,PRIVADO,CORREGIDORA,EL PUEBLITO,LAS TROJES,CALLE TROJE DE CAMPO ALEGRE,22.0,PRIVADO,SOCIEDAD CIVIL,,
22MMS0183Q,PREPA PLENUS,BACHILLERATO GENERAL,PRIVADO,CORREGIDORA,SAN FRANCISCO,SAN FRANCISCO,CALLE SAN FRANCISCO DE ASIS,13.0,PRIVADO,ASOCIACIÓN CIVIL,,
22MMS0279C,PREPARATORIA EMPRENDE INNOVA,BACHILLERATO GENERAL,PRIVADO,CORREGIDORA,EL PUEBLITO,Colinas Del Santuario,AVENIDA VALLENDAR,102.0,PRIVADO,ASOCIACIÓN CIVIL,,
22MMS0208I,UNIVERSIDAD TEC MILENIO,BACHILLERATO GENERAL,PRIVADO,CORREGIDORA,LOS OLVERA,LOS OLVERA,DOMICILIO CONOCIDO,18.0,PRIVADO,ASOCIACIÓN CIVIL,,
22MMS0157S,VANGUARDIA EDUCATIVA DE MEXICO,BACHILLERATO GENERAL,PRIVADO,CORREGIDORA,LOS OLVERA,LOS OLVERA,DOMICILIO CONOCIDO,,PRIVADO,ASOCIACIÓN CIVIL,,
22MMS0313T,INNOVA SCHOOLS QUERETARO CAMPUS EL MARQUES BACHILLERATO,BACHILLERATO GENERAL,PRIVADO,EL MARQUÉS,SALDARRIAGA,,PROLONGACIÓN Constituyentes Oriente,742.0,PRIVADO,SOCIEDAD CIVIL,,
22MMS0273I,INSTITUTO PAULO FREIRE PREPARATORIA,BACHILLERATO GENERAL,PRIVADO,EL MARQUÉS,LA CAÑADA,El Mirador,PROLONGACIÓN CONSTITUYENTES,81.0,PRIVADO,SOCIEDAD CIVIL,,
22MMS0280S,LICEO PATRICK HENRY PREPARATORIA,BACHILLERATO GENERAL,PRIVADO,EL MARQUÉS,GENERAL LÁZARO CÁRDENAS (EL COLORADO),CENTRO DEL COLORADO,CALLE J. GERARDO CORONEL HERRERA,,PRIVADO,ASOCIACIÓN CIVIL,,
22MMS0285N,LYCEE FRANCAIS INTERNATIONAL JULES VERNE SECCION PREPARATORIA,BACHILLERATO GENERAL,PRIVADO,EL MARQUÉS,LA PRADERA,,CIRCUITO UNIVERSIDADES,5150.0,PRIVADO,ASOCIACIÓN CIVIL,,
22MMS0289J,UNIVERSIDAD MONDRAGÓN MÉXICO,BACHILLERATO GENERAL,PRIVADO,EL MARQUÉS,SALDARRIAGA,,AVENIDA ANILLO VIAL 3 PONIENTE,172.0,PRIVADO,SOCIEDAD CIVIL,,
22MMS0184P,INSTITUTO SOCIAL COMERCIAL EN CONTADURIA ADMINISTRATIVA A.C.,BACHILLERATO GENERAL Y TECNOLÓGICO,PRIVADO,EZEQUIEL MONTES,EZEQUIEL MONTES,LA LAGUNA,CALLE AQUILES SERDAN,142.0,PRIVADO,ASOCIACIÓN CIVIL,,
22MMS0126Z,ALMA MURIEL,BACHILLERATO GENERAL,PRIVADO,QUERÉTARO,SANTIAGO DE QUERÉTARO,NIÑOS HEROES,CALLE PINO SUAREZ,339.0,PRIVADO,ASOCIACIÓN CIVIL,,
22MMS0206K,BACHILLERATO COLEGIO MEXICO NUEVO CAMPUS QUERETARO,BACHILLERATO GENERAL,PRIVADO,QUERÉTARO,SANTIAGO DE QUERÉTARO,CENTRO SUR,CALLE CERRO BLANCO,990.0,PRIVADO,ASOCIACIÓN CIVIL,,
22MMS0303M,BACHILLERATO DE LA UNIVERSIDAD DE LAS MUJERES,BACHILLERATO GENERAL,PRIVADO,QUERÉTARO,SANTIAGO DE QUERÉTARO,ZONA INDUSTRIAL BENITO JUAREZ,CALLE ACCESO III,61.0,PRIVADO,SOCIEDAD CIVIL,,
22MMS0199R,BACHILLERATO DE LA UNIVERSIDAD DEL VALLE DE MEXICO QUERETARO,BACHILLERATO GENERAL,PRIVADO,QUERÉTARO,JURIQUILLA,,BOULEVARD JURIQUILLA,1000.0,PRIVADO,ASOCIACIÓN CIVIL,,
22MMS0214T,BACHILLERATO NUEVO CONTINENTE CAMPUS QUERETARO,BACHILLERATO GENERAL,PRIVADO,QUERÉTARO,SANTIAGO DE QUERÉTARO,PRADOS DE LA CAPILLA,PROLONGACIÓN ZARAGOZA,61.0,PRIVADO,ASOCIACIÓN CIVIL,,
22MMS0212V,BACHILLERATO UNEA CAMPUS QUERETARO,BACHILLERATO GENERAL,PRIVADO,QUERÉTARO,SANTIAGO DE QUERÉTARO,ENSUEÑO,PROLONGACIÓN IGNACIO ZARAGOZA,64.0,PRIVADO,ASOCIACIÓN CIVIL,,
22MMS0297S,CENTRO DE EDUCACIÓN Y FORMACIÓN JAMADI,BACHILLERATO GENERAL,PRIVADO,QUERÉTARO,SANTIAGO DE QUERÉTARO,JARDINES DE LA HACIENDA,CALLE HACIENDA BUENAVISTA,204.0,PRIVADO,SOCIEDAD CIVIL,,
22MMS0144O,CENTRO DE ESTUDIOS UNIVERSITARIOS EN QUERETARO,BACHILLERATO GENERAL,PRIVADO,QUERÉTARO,SANTIAGO DE QUERÉTARO,MODELO,PRIVADA DE PLAN DE AYALA,136.0,PRIVADO,ASOCIACIÓN CIVIL,,
22MMS0230K,CENTRO DE FORMACIÓN INTEGRAL DE BACHILLERATO PLANTEL QUERÉTARO,BACHILLERATO GENERAL,PRIVADO,QUERÉTARO,SANTIAGO DE QUERÉTARO,LA ERA,CALLE ESTIO,33.0,PRIVADO,ASOCIACIÓN CIVIL,,
22MMS0174I,CENTRO DE INNOVACION EDUCATIVA MEXICO,BACHILLERATO GENERAL,PRIVADO,QUERÉTARO,SANTIAGO DE QUERÉTARO,CASA BLANCA,AVENIDA CONSTITUYENTES PONIENTE,155.0,PRIVADO,ASOCIACIÓN CIVIL,,
22MMS0315R,CENTRO EDUCATIVO MEXICO,BACHILLERATO GENERAL,PRIVADO,QUERÉTARO,SANTIAGO DE QUERÉTARO,RINCONADA DEL SOL,CALLE ALFA CENTAURO,62.0,PRIVADO,SOCIEDAD CIVIL,,
22MMS0202O,CENTRO UNIVERSITARIO DE EDUCACION CONTEMPORANEA,BACHILLERATO GENERAL,PRIVADO,QUERÉTARO,SANTIAGO DE QUERÉTARO,CENTRO,PRIVADA IGNACIO PÉREZ,54.0,PRIVADO,ASOCIACIÓN CIVIL,,
22MMS0147L,"CENTRO UNIVERSITARIO SALVADOR VAZQUEZ ALTAMIRANO, A.C.",BACHILLERATO GENERAL,PRIVADO,QUERÉTARO,SANTIAGO DE QUERÉTARO,CENTRO,CALLE PINO SUAREZ,106.0,PRIVADO,ASOCIACIÓN CIVIL,,
22MMS0128X,CINCO DE MAYO,BACHILLERATO GENERAL,PRIVADO,QUERÉTARO,SANTIAGO DE QUERÉTARO,CENTRO,CALLE PROSPERO C. VEGA,17.0,PRIVADO,ASOCIACIÓN CIVIL,,
22MMS0158R,CLARA BARTON,BACHILLERATO GENERAL,PRIVADO,QUERÉTARO,SANTIAGO DE QUERÉTARO,SAN JAVIER,CALLE CIRCUNVALACIÓN,10.0,PRIVADO,ASOCIACIÓN CIVIL,,
22MMS0194W,CLEMENCIA BORJA TABOADA,BACHILLERATO GENERAL,PRIVADO,QUERÉTARO,SANTIAGO DE QUERÉTARO,CENTRO,CALLE ARTEAGA,11.0,PRIVADO,ASOCIACIÓN CIVIL,,
22MMS0142Q,COLEGIO ALAMOS,BACHILLERATO GENERAL,PRIVADO,QUERÉTARO,SANTIAGO DE QUERÉTARO,ARBOLEDAS,CALLE DEL SOL,1000.0,PRIVADO,ASOCIACIÓN CIVIL,,
22MMS0271K,COLEGIO AUSTRIACO MEXICANO PREPARATORIA,BACHILLERATO GENERAL,PRIVADO,QUERÉTARO,SANTIAGO DE QUERÉTARO,TLACOTE EL BAJO,CALLE LIBRAMIENTO SUR - PONIENTE,26501.0,PRIVADO,ORGANISMO INTERNACIONAL,,
22MMS0169X,COLEGIO BOSQUES PREPARATORIA CAMPUS REAL,BACHILLERATO GENERAL,PRIVADO,QUERÉTARO,SANTIAGO DE QUERÉTARO,SAN PABLO,CALLE AVENIDA REAL,1.0,PRIVADO,ASOCIACIÓN CIVIL,,
22MMS0178E,COLEGIO CAROL BAUR,BACHILLERATO GENERAL,PRIVADO,QUERÉTARO,JURIQUILLA,JURICA ACUEDUCTO,CALLE MISION DE SAN FRANCISCO,500.0,PRIVADO,ASOCIACIÓN CIVIL,,
22MMS0153W,COLEGIO EDUCACION Y PATRIA,BACHILLERATO GENERAL,PRIVADO,QUERÉTARO,SANTIAGO DE QUERÉTARO,SAN PEDRITO PEÑUELAS I,CALLE COCINERAS,63.0,PRIVADO,ASOCIACIÓN CIVIL,,
22MMS0307I,COLEGIO FONTANAR SEDE CAMPANARIO,BACHILLERATO GENERAL,PRIVADO,QUERÉTARO,LA PURÍSIMA,LA PURISIMA,CALLE QUERETARO - EL POZO,410.0,PRIVADO,ASOCIACIÓN CIVIL,,
22MMS0125Z,COLEGIO FRAY LUIS DE LEON,BACHILLERATO GENERAL,PRIVADO,QUERÉTARO,SANTIAGO DE QUERÉTARO,NIÑOS HEROES,CALLE PINO SUAREZ,349.0,PRIVADO,ASOCIACIÓN CIVIL,,
22MMS0171L,COLEGIO GENERAL REGULES,BACHILLERATO GENERAL,PRIVADO,QUERÉTARO,SANTIAGO DE QUERÉTARO,CENTRO,AVENIDA UNIVERSIDAD,231.0,PRIVADO,ASOCIACIÓN CIVIL,,
22MMS0162D,COLEGIO GRAN BRETAÑA,BACHILLERATO GENERAL,PRIVADO,QUERÉTARO,SANTIAGO DE QUERÉTARO,SAN PABLO,CALLEJÓN SAN JOAQUIN,5.0,PRIVADO,ASOCIACIÓN CIVIL,,
22MMS0182R,COLEGIO HELEN PARKHURST,BACHILLERATO GENERAL,PRIVADO,QUERÉTARO,SANTIAGO DE QUERÉTARO,CERRITO COLORADO,PROLONGACIÓN BERNARDO QUINTANA,3150.0,PRIVADO,ASOCIACIÓN CIVIL,,
22MMS0299Q,COLEGIO HOLANDÉS DE QUERÉTARO,BACHILLERATO GENERAL,PRIVADO,QUERÉTARO,SANTIAGO DE QUERÉTARO,PARQUES INDUSTRIALES ALAMOS 2a SECCIÓN,CALLE MANUFACTURA,30.0,PRIVADO,SOCIEDAD CIVIL,,
22MMS0304L,COLEGIO INTERNACIONAL DE ESTUDIOS VIRTUALES,BACHILLERATO GENERAL,PRIVADO,QUERÉTARO,SANTIAGO DE QUERÉTARO,CIMATARIO,CALLE FRAY SEBASTIAN DE APARICIO,28.0,PRIVADO,ASOCIACIÓN CIVIL,,
22MMS0179D,COLEGIO INTERNACIONAL DE QUERETARO,BACHILLERATO GENERAL,PRIVADO,QUERÉTARO,SANTIAGO DE QUERÉTARO,JURICA,CALLE PASEO DEL MESON,77.0,PRIVADO,ASOCIACIÓN CIVIL,,
22MMS0127Y,"COLEGIO LAFAYETTE DE QUERETARO, A. C.",BACHILLERATO GENERAL,PRIVADO,QUERÉTARO,SANTIAGO DE QUERÉTARO,ESPAÑA,CALLE IGNACIO RAMIREZ,143.0,PRIVADO,ASOCIACIÓN CIVIL,colegio-lafayette.edu.mx,Mail subdomain mail.colegio-lafayette.edu.mx
22MMS0129W,COLEGIO MARCELINA,BACHILLERATO GENERAL,PRIVADO,QUERÉTARO,SANTIAGO DE QUERÉTARO,ARBOLEDAS,CALLE PASEO DE LA CONSTITUCION,101.0,PRIVADO,ASOCIACIÓN CIVIL,,
22MMS0185O,COLEGIO MASIA DE QUERETARO,BACHILLERATO GENERAL,PRIVADO,QUERÉTARO,SANTIAGO DE QUERÉTARO,CENTRO,AVENIDA EJÉRCITO REPUBLICANO,153.0,PRIVADO,ASOCIACIÓN CIVIL,,
22MMS0137E,COLEGIO MONTPELLIER,BACHILLERATO GENERAL,PRIVADO,QUERÉTARO,SANTIAGO DE QUERÉTARO,LAS ARBOLEDAS,CALLE PASEO DE LOS CEDROS,12.0,PRIVADO,ASOCIACIÓN CIVIL,,
22MMS0173J,COLEGIO NUEVA ESPAÑA,BACHILLERATO GENERAL,PRIVADO,QUERÉTARO,SANTIAGO DE QUERÉTARO,NIÑOS HEROES,CALLE FRANCISCO I MADERO,264.0,PRIVADO,ASOCIACIÓN CIVIL,,
22MMS0009J,COLEGIO SUIZO DE MEXICO,BACHILLERATO GENERAL,PRIVADO,QUERÉTARO,SANTIAGO DE QUERÉTARO,LA CIMA,CIRCUITO LA CIMA,901.0,PRIVADO,ASOCIACIÓN CIVIL,,
22MMS0172K,COLEGIO SUNHILLS VALLEY,BACHILLERATO GENERAL,PRIVADO,QUERÉTARO,MOMPANÍ,"LIBRAMIENTO SUR-PONIENTE 33982 MOMPANÍ, QRO.",CALLE LIBRAMIENTO SUR-PONIENTE,33982.0,PRIVADO,ASOCIACIÓN CIVIL,,
22MMS0276F,COLEGIO UNIVERSITARIO DE HUMANIDADES ( CUDH ),BACHILLERATO GENERAL,PRIVADO,QUERÉTARO,SANTIAGO DE QUERÉTARO,VILLAS DEL SUR,CALLE GONZALO RIO ARRONTE,24.0,PRIVADO,SOCIEDAD CIVIL,,
22MMS0227X,"CONJUNTO EDUCATIVO SOCIAL COMERCIAL ADMINISTRATIVO, A. C.",BACHILLERATO GENERAL Y TECNOLÓGICO,PRIVADO,QUERÉTARO,SANTIAGO DE QUERÉTARO,CENTRO,CALLE INVIERNO,41.0,PRIVADO,ASOCIACIÓN CIVIL,,
22MMS0122C,ESCUELA PREPARATORIA DEL INSTITUTO PLANCARTE,BACHILLERATO GENERAL,PRIVADO,QUERÉTARO,SANTIAGO DE QUERÉTARO,CIMATARIO,CALLE FLORENCIO ROSAS,1.0,PRIVADO,ASOCIACIÓN CIVIL,,
22MMS0119P,INSTITUTO CHAMPAGNAT,BACHILLERATO GENERAL,PRIVADO,QUERÉTARO,SANTIAGO DE QUERÉTARO,HERCULES,AVENIDA HERCULES,182.0,PRIVADO,ASOCIACIÓN CIVIL,,
22MMS0272J,INSTITUTO DE LA JUVENTUD JOSÉ MARTÍ,BACHILLERATO GENERAL,PRIVADO,QUERÉTARO,SANTIAGO DE QUERÉTARO,CENTRO,CALLE MIGUEL HIDALGO,171.0,PRIVADO,ASOCIACIÓN CIVIL,,
22MMS0188L,INSTITUTO DE LIDERAZGO IDEL,BACHILLERATO GENERAL,PRIVADO,QUERÉTARO,SANTIAGO DE QUERÉTARO,PATHÉ,CALLE J. ASUNCION ROMERO,1.0,PRIVADO,ASOCIACIÓN CIVIL,,
22MMS0314S,INSTITUTO EDUCATIVO GEORGE TOWN,BACHILLERATO GENERAL,PRIVADO,QUERÉTARO,SANTIAGO DE QUERÉTARO,EUCALIPTOS,BOULEVARD BERNARDO QUINTANA ARRIOJA,4032.0,PRIVADO,ASOCIACIÓN CIVIL,,
22MMS0296T,INSTITUTO EX NOVO,BACHILLERATO GENERAL,PRIVADO,QUERÉTARO,SANTIAGO DE QUERÉTARO,CENTRO,CALLE COLON,6.0,PRIVADO,ASOCIACIÓN CIVIL,,
22MMS0317P,INSTITUTO INTERAMERICANO DE CIENCIAS DE LA SALUD,BACHILLERATO GENERAL,PRIVADO,QUERÉTARO,SANTIAGO DE QUERÉTARO,CENTRO,AVENIDA UNIVERSIDAD ORIENTE,34.0,PRIVADO,SOCIEDAD CIVIL,,
22MMS0197T,"INSTITUTO LA PAZ DE QUERETARO, A.C.",BACHILLERATO GENERAL,PRIVADO,QUERÉTARO,SANTIAGO DE QUERÉTARO,ACUEDUCTO,CALLE EL SOL,40.0,PRIVADO,ASOCIACIÓN CIVIL,,
22MMS0152X,INSTITUTO LEÓN Y GAMA,BACHILLERATO GENERAL,PRIVADO,QUERÉTARO,SANTIAGO DE QUERÉTARO,SAN PEDRITO PEÑUELAS I,AVENIDA TECNICOS,254.0,PRIVADO,ASOCIACIÓN CIVIL,,
22MMS0121D,INSTITUTO MARCIANO TINAJERO Y ESTRADA,BACHILLERATO GENERAL,PRIVADO,QUERÉTARO,SANTIAGO DE QUERÉTARO,CENTRO,CALLE OCAMPO,77.0,PRIVADO,ASOCIACIÓN CIVIL,,
22MMS0217Q,INSTITUTO PREUNIVERSITARIO DEL CENTRO DE MEXICO CAMPUS QUERETARO,BACHILLERATO GENERAL,PRIVADO,QUERÉTARO,SANTIAGO DE QUERÉTARO,NIÑOS HEROES,CALLE IGNACIO ZARAGOZA PONIENTE,332.0,PRIVADO,ASOCIACIÓN CIVIL,,
22MMS0123B,INSTITUTO QUERETANO,BACHILLERATO GENERAL,PRIVADO,QUERÉTARO,SANTIAGO DE QUERÉTARO,SAN JAVIER,CALLE MARIANO ARISTA,51.0,PRIVADO,ASOCIACIÓN CIVIL,,
22MMS0195V,INSTITUTO QUERETANO,BACHILLERATO GENERAL,PRIVADO,QUERÉTARO,SANTIAGO DE QUERÉTARO,CENTRO,AVENIDA UNIVERSIDAD,2.0,PRIVADO,ASOCIACIÓN CIVIL,,
22MMS0133I,INSTITUTO TECNOLOGICO ANGLO MEXICANO,BACHILLERATO GENERAL,PRIVADO,QUERÉTARO,SANTIAGO DE QUERÉTARO,CARRETAS,BOULEVARD BERNARDO QUINTANA,148.0,PRIVADO,ASOCIACIÓN CIVIL,,
22MMS0159Q,INSTITUTO THOMAS JEFFERSON,BACHILLERATO GENERAL,PRIVADO,QUERÉTARO,SANTIAGO DE QUERÉTARO,RANCHO SAN ANTONIO,CALLE ASTEROIDES,1200.0,PRIVADO,ASOCIACIÓN CIVIL,,
22MMS0311V,IT INNOVATION SCHOOL,BACHILLERATO GENERAL,PRIVADO,QUERÉTARO,SANTIAGO DE QUERÉTARO,LA ESPIGA,CALLE PASEO DEL RIEGO,10115.0,PRIVADO,SOCIEDAD CIVIL,,
22MMS0134H,ITESM CAMPUS QUERETARO,BACHILLERATO GENERAL,PRIVADO,QUERÉTARO,SANTIAGO DE QUERÉTARO,SAN PABLO,CALLE EPIGMENIO GONZALEZ,500.0,PRIVADO,ASOCIACIÓN CIVIL,,
22MMS0198S,JOHN F KENNEDY,BACHILLERATO GENERAL,PRIVADO,QUERÉTARO,SANTIAGO DE QUERÉTARO,JURICA,AVENIDA SABINOS,272.0,PRIVADO,ASOCIACIÓN CIVIL,jfk.edu.mx,JFK pages/social show emails @jfk.edu.mx
22MMS0135G,LIC. JOSE GUADALUPE RAMIREZ ALVAREZ,BACHILLERATO GENERAL,PRIVADO,QUERÉTARO,SANTIAGO DE QUERÉTARO,LOS CEDROS,CALLE PRIMAVERA,101.0,PRIVADO,ASOCIACIÓN CIVIL,,
22MMS0166Z,LICEO CORREGIDORA,BACHILLERATO GENERAL,PRIVADO,QUERÉTARO,SANTIAGO DE QUERÉTARO,LA PIEDAD,CALLE RETABLO,21.0,PRIVADO,ASOCIACIÓN CIVIL,,
22MMS0270L,MH INSTITUCIÓN EDUCATIVA,BACHILLERATO GENERAL,PRIVADO,QUERÉTARO,SANTIAGO DE QUERÉTARO,LA LOMA,CALLE MONTE HOREB,105.0,PRIVADO,SOCIEDAD CIVIL,,
22MMS0189K,NEW PORT HIGH SCHOOL,BACHILLERATO GENERAL,PRIVADO,QUERÉTARO,JURIQUILLA,JURICA ACUEDUCTO,BOULEVARD UNIVERSITARIO,520.0,PRIVADO,ASOCIACIÓN CIVIL,,
22MMS0204M,PREPA ANÁHUAC QUERÉTARO,BACHILLERATO GENERAL,PRIVADO,QUERÉTARO,SANTIAGO DE QUERÉTARO,EL CAMPANARIO,CALLE AV. DEL CAMPANARIO,88.0,PRIVADO,ASOCIACIÓN CIVIL,,
22MMS0288K,PREPA BALMORAL ESCOCÉS,BACHILLERATO GENERAL,PRIVADO,QUERÉTARO,EL SALITRE,,CALLE PALMA SOLA,911.0,PRIVADO,SOCIEDAD CIVIL,,
22MMS0190Z,PREPA IDAI,BACHILLERATO GENERAL,PRIVADO,QUERÉTARO,SANTIAGO DE QUERÉTARO,SAN SEBASTIAN,AVENIDA UNIVERSIDAD ORIENTE,23.0,PRIVADO,ASOCIACIÓN CIVIL,,
22MMS0154V,PREPARATORIA CERVANTES,BACHILLERATO GENERAL,PRIVADO,QUERÉTARO,SANTIAGO DE QUERÉTARO,LOMAS DE QUERETARO,BOULEVARD DE LAS AMERICAS,16.0,PRIVADO,ASOCIACIÓN CIVIL,,
22MMS0219O,PREPARATORIA CESBA,BACHILLERATO GENERAL,PRIVADO,QUERÉTARO,SANTIAGO DE QUERÉTARO,CIUDAD DEL SOL,CIRCUITO PUERTA DEL SOL,701.0,PRIVADO,ASOCIACIÓN CIVIL,,
22MMS0191Z,PREPARATORIA CUAUHTEMOC QUERETARO,BACHILLERATO GENERAL,PRIVADO,QUERÉTARO,SANTIAGO DE QUERÉTARO,RESIDENCIAL LOS ARCOS,BOULEVARD BERNARDO QUINTANA ARRIOJA,229.0,PRIVADO,ASOCIACIÓN CIVIL,,
22MMS0177F,PREPARATORIA DE NEGOCIOS,BACHILLERATO GENERAL,PRIVADO,QUERÉTARO,SANTIAGO DE QUERÉTARO,ALAMOS 2A SECCION,AVENIDA INDUSTRIALIZACION,1.0,PRIVADO,ASOCIACIÓN CIVIL,,
22MMS0201P,PREPARATORIA DEL INSTITUTO ASUNCION DE QUERETARO,BACHILLERATO GENERAL,PRIVADO,QUERÉTARO,SANTIAGO DE QUERÉTARO,LOMA DORADA,CERRADA DE LA ASUNCIÓN,16.0,PRIVADO,ASOCIACIÓN CIVIL,,
22MMS0138D,PREPARATORIA ITECA,BACHILLERATO GENERAL Y TECNOLÓGICO,PRIVADO,QUERÉTARO,SANTIAGO DE QUERÉTARO,OBSERVATORIO,AVENIDA CONSTITUYENTES,1.0,PRIVADO,ASOCIACIÓN CIVIL,,
22MMS0175H,PREPARATORIA NUEVO HORIZONTE,BACHILLERATO GENERAL,PRIVADO,QUERÉTARO,SANTIAGO DE QUERÉTARO,CERRITO COLORADO,AVENIDA DE LA LUZ,1701.0,PRIVADO,ASOCIACIÓN CIVIL,,
22MMS0266Z,PREPARATORIA SUMMERHILL,BACHILLERATO GENERAL,PRIVADO,QUERÉTARO,SANTIAGO DE QUERÉTARO,FELIPE CARRILLO PUERTO,CALLE MOTUL,7.0,PRIVADO,SOCIEDAD CIVIL,,
22MMS0140S,PREPARATORIAS UNIVERSIDAD MARISTA DE QUERÉTARO,BACHILLERATO GENERAL,PRIVADO,QUERÉTARO,SANTIAGO DE QUERÉTARO,CENTRO,CALLE MARTE,2.0,PRIVADO,ASOCIACIÓN CIVIL,umq.maristas.edu.mx,UMQ contact shows informes@umq.maristas.edu.mx
22MMS0310W,SINAI PREPARATORIA,BACHILLERATO GENERAL,PRIVADO,QUERÉTARO,SANTIAGO DE QUERÉTARO,OBSERVATORIO,AVENIDA CONSTITUYENTES,39.0,PRIVADO,SOCIEDAD CIVIL,,
22MMS0260E,"UNIVERSIDAD TECNOLOGICA DE MEXICO BACHILLERATO, CAMPUS QUERETARO",BACHILLERATO GENERAL,PRIVADO,QUERÉTARO,SANTIAGO DE QUERÉTARO,SAN PABLO,AVENIDA 5 DE FEBRERO,1412.0,PRIVADO,ASOCIACIÓN CIVIL,,
22MMS0312U,BACHILLERATO OMI,BACHILLERATO GENERAL,PRIVADO,SAN JUAN DEL RÍO,SAN JUAN DEL RÍO,ANA,PRIVADA ANA,2.0,PRIVADO,SOCIEDAD CIVIL,,
22MMS0302N,BACHILLERATO OMI SAN JUAN DEL RIO,BACHILLERATO GENERAL,PRIVADO,SAN JUAN DEL RÍO,SAN JUAN DEL RÍO,CENTRO,CALLE CUAUHTÉMOC,13.0,PRIVADO,SOCIEDAD CIVIL,,
22MMS0290Z,CEDVA PREPARATORIA,BACHILLERATO GENERAL,PRIVADO,SAN JUAN DEL RÍO,SAN JUAN DEL RÍO,SAN CAYETANO,CALLE RIO CONCA,10.0,PRIVADO,SOCIEDAD CIVIL,,
22MMS0293W,CENTRO DE ESTUDIOS MEDIO SUPERIORES Y SUPERIORES,BACHILLERATO GENERAL,PRIVADO,SAN JUAN DEL RÍO,SAN JUAN DEL RÍO,MEXICO,CALLE OAXACA,22.0,PRIVADO,ASOCIACIÓN CIVIL,,
22MMS0278D,CENTRO INTERACTIVO DE EDUCACIÓN Y ALTA ESPECIALIZACIÓN CIEE,BACHILLERATO GENERAL,PRIVADO,SAN JUAN DEL RÍO,SAN JUAN DEL RÍO,CENTRO,AVENIDA CUATRO,97.0,PRIVADO,SOCIEDAD CIVIL,,
22MMS0196U,CENTRO UNION,BACHILLERATO GENERAL,PRIVADO,SAN JUAN DEL RÍO,SAN JUAN DEL RÍO,CENTRO,CALLE IGNACIO LÓPEZ RAYÓN,126.0,PRIVADO,ASOCIACIÓN CIVIL,,
22MMS0136F,COLEGIO CONSTANTINO,BACHILLERATO GENERAL,PRIVADO,SAN JUAN DEL RÍO,SAN JUAN DEL RÍO,BANTHI,AVENIDA UNIVERSIDAD,291.0,PRIVADO,ASOCIACIÓN CIVIL,,
22MMS0308H,COLEGIO CONSTITUYENTES DE QUERETARO,BACHILLERATO GENERAL,PRIVADO,SAN JUAN DEL RÍO,SAN JUAN DEL RÍO,BOSQUES DE SAN JUAN,CIRCUITO VIÑEDOS,625.0,PRIVADO,ASOCIACIÓN CIVIL,,
22MMS0281R,COLEGIO DE CIENCIAS Y HUMANIDADES DE QUERETARO,BACHILLERATO GENERAL,PRIVADO,SAN JUAN DEL RÍO,SAN JUAN DEL RÍO,SAN CAYETANO,CALLE RÍO LERMA,,PRIVADO,SOCIEDAD CIVIL,,
22MMS0200Q,COLEGIO LA SALLE SAN JUAN DEL RIO,BACHILLERATO GENERAL,PRIVADO,SAN JUAN DEL RÍO,SANTA MATILDE,Espíritu Santo (Las Gallinas),CALLE MARAVILLAS,6.0,PRIVADO,ASOCIACIÓN CIVIL,,
22MMS0132J,COLEGIO MOTOLINIA DE SISTEMA EDUCATIVO VALLADOLID,BACHILLERATO GENERAL,PRIVADO,SAN JUAN DEL RÍO,SAN JUAN DEL RÍO,FATIMA,PROLONGACIÓN ARTICULO 123,11.0,PRIVADO,ASOCIACIÓN CIVIL,,
22MMS0131K,CORREGIDORA,BACHILLERATO GENERAL,PRIVADO,SAN JUAN DEL RÍO,SAN JUAN DEL RÍO,CENTRO,CALLE MARIANO JIMENEZ,20.0,PRIVADO,ASOCIACIÓN CIVIL,,
22MMS0263B,EDUCATIVA METROPOLITANA,BACHILLERATO GENERAL,PRIVADO,SAN JUAN DEL RÍO,SAN JUAN DEL RÍO,SANTA CRUZ NIETO,AVENIDA CUATRO ORIENTE,97.0,PRIVADO,SOCIEDAD CIVIL,,
22MMS0181S,INSTITUTO DE ESTUDIOS SOCIALES Y ADMINISTRATIVOS DE QUERETARO,BACHILLERATO GENERAL,PRIVADO,SAN JUAN DEL RÍO,SAN JUAN DEL RÍO,CENTRO,CALLE CORREGIDORA,162.0,PRIVADO,ASOCIACIÓN CIVIL,,
22MMS0149J,INSTITUTO PLANCARTE SAN JUAN DEL RIO,BACHILLERATO GENERAL,PRIVADO,SAN JUAN DEL RÍO,SAN JUAN DEL RÍO,VALLE DE ORO,AVENIDA 3 PONIENTE,4.0,PRIVADO,ASOCIACIÓN CIVIL,,
22MMS0216R,INSTITUTO PREUNIVERSITARIO DEL CENTRO DE MEXICO CAMPUS SAN JUAN DEL RIO,BACHILLERATO GENERAL,PRIVADO,SAN JUAN DEL RÍO,SAN JUAN DEL RÍO,CENTRO,AVENIDA JUAREZ PONIENTE,112.0,PRIVADO,ASOCIACIÓN CIVIL,,
22MMS0180T,INSTITUTO RENACIMIENTO PREPARATORIA,BACHILLERATO GENERAL,PRIVADO,SAN JUAN DEL RÍO,SAN JUAN DEL RÍO,RANCHO BANTHI,CALLE SAN LUIS POTOSI,28.0,PRIVADO,ASOCIACIÓN CIVIL,,
22MMS0160F,INSTITUTO SANTIAGO (PREPARATORIA),BACHILLERATO GENERAL,PRIVADO,SAN JUAN DEL RÍO,SAN JUAN DEL RÍO,CENTRO,CALLE CEDROS,11.0,PRIVADO,ASOCIACIÓN CIVIL,,
22MMS0309G,LICEO INTERCULTURAL MEXICANO,BACHILLERATO GENERAL,PRIVADO,SAN JUAN DEL RÍO,SAN JUAN DEL RÍO,CENTRO,CALLE MARIANO MATAMOROS,23.0,PRIVADO,ASOCIACIÓN CIVIL,,
22MMS0203N,PREPARATORIA CONIN,BACHILLERATO GENERAL,PRIVADO,SAN JUAN DEL RÍO,SAN JUAN DEL RÍO,CENTRO,CALLE 5 DE MAYO,97.0,PRIVADO,ASOCIACIÓN CIVIL,,
22MMS0211W,PREPARATORIA INTERCULTURAL SAN PATRICIO,BACHILLERATO GENERAL,PRIVADO,SAN JUAN DEL RÍO,SAN JUAN DEL RÍO,REAL DE LOS NOGALES,CALLE CIRUELO,2.0,PRIVADO,ASOCIACIÓN CIVIL,,
22MMS0186N,"PREPARATORIA UNIVERSIDAD MARISTA DE QUERETARO, CAMPUS SAN JUAN DEL RIO",BACHILLERATO GENERAL,PRIVADO,SAN JUAN DEL RÍO,SAN JUAN DEL RÍO,CENTRO,CALLE IGNACIO ZARAGOZA,4.0,PRIVADO,ASOCIACIÓN CIVIL,umq.maristas.edu.mx,UMQ contact shows informes@umq.maristas.edu.mx
22MMS0156T,COLEGIO REAL DE QUERENDA BACHILLERATO,BACHILLERATO GENERAL,PRIVADO,TEQUISQUIAPAN,TEQUISQUIAPAN,POTRERO CARRIZAL,DOMICILIO CONOCIDO,216.0,PRIVADO,ASOCIACIÓN CIVIL,,
22MMS0193X,"INSTITUTO BILINGUE VICTORIA, A. C.",BACHILLERATO GENERAL,PRIVADO,TEQUISQUIAPAN,TEQUISQUIAPAN,BARRIO DE LA MAGDALENA,CALLE VICENTE SUAREZ,9.0,PRIVADO,ASOCIACIÓN CIVIL,,
22MMS0148K,INSTITUTO SOVANY,BACHILLERATO GENERAL,PRIVADO,TEQUISQUIAPAN,TEQUISQUIAPAN,EL PEDREGAL,CALLE POTRERO DE FRIJOLILLO,16.0,PRIVADO,ASOCIACIÓN CIVIL,,
22MMS0150Z,SANTIAGO GALAS,BACHILLERATO GENERAL,PRIVADO,TEQUISQUIAPAN,TEQUISQUIAPAN,CENTRO,CALLE POTRERO SOMBRERETE,8.0,PRIVADO,ASOCIACIÓN CIVIL,,
