id,course_id,title,content_type,order,xp_reward,created_at,section_id,duration
1-meta-principal-1-secundaria,course-9-2,1 meta principal + 1 secundaria,reading,3,50,2026-03-26 00:15:31.345,,5
2fa-que-es-y-por-que-importa,course-18-2,2FA: qué es y por qué importa,reading,2,50,2026-03-26 00:17:04.675,,5
acciones-que-son-sin-trading,course-24-2,Acciones: qué son (sin trading),reading,3,50,2026-03-26 00:18:07.541,,5
acondo-se-va-mi-dinero,course-5-2,Acondo se va mi dinero,reading,1,50,2026-03-26 00:14:48.417,,5
activo-que-requiere-mantenimiento-realidad,course-21-2,Activo que requiere mantenimiento (realidad),reading,4,50,2026-03-26 00:17:36.915,,5
activos-pasivos-y-patrimonio-conexion,course-27-1,"Activos, pasivos y patrimonio (conexión)",reading,3,50,2026-03-26 00:18:35.525,,5
activospasivos-en-tu-vida-diaria-prepa,course-21-1,Activos/pasivos en tu vida diaria (prepa),reading,4,50,2026-03-26 00:17:33.618,,5
ahorrar-con-ingresos-variables,course-8-1,Ahorrar con ingresos variables,reading,4,50,2026-03-26 00:15:18.139,,5
ahorrar-no-es-guardar-lo-que-sobra,course-8-1,Ahorrar no es guardar lo que sobra,reading,1,50,2026-03-26 00:15:16.492,,5
ahorrar-vs-invertir-criterio-claro,course-24-1,Ahorrar vs invertir (criterio claro),reading,1,50,2026-03-26 00:18:03.176,,5
ahorro-en-crisis,course-8-3,Ahorro en crisis,reading,4,50,2026-03-26 00:15:24.663,,5
ahorro-por-metas,course-8-3,Ahorro por metas,reading,2,50,2026-03-26 00:15:23.584,,5
ajustar-el-siguiente-mes,course-6-3,Ajustar el siguiente mes,reading,4,50,2026-03-26 00:15:03.815,,5
ajustar-estrategia-sin-abandonar,course-29-3,Ajustar estrategia sin abandonar,reading,3,50,2026-03-26 00:19:03.265,,5
ajustar-metas-al-trimestre,course-10-2,Ajustar metas al trimestre,reading,4,50,2026-03-26 00:15:42.378,,5
ajustar-presupuesto-en-inflacion,course-20-2,Ajustar presupuesto en inflación,reading,4,50,2026-03-26 00:17:26.497,,5
ajustar-si-voy-atrasado,course-9-3,Ajustar si voy atrasado,reading,2,50,2026-03-26 00:15:34.081,,5
ajustar-sin-rendirme,course-6-2,Ajustar sin rendirme,reading,3,50,2026-03-26 00:15:00.023,,5
ajuste-rapido-de-salidas-plan-7-dias,course-5-2,Ajuste rápido de salidas (plan 7 días),reading,4,50,2026-03-26 00:14:50.079,,5
ajustes-trimestrales-sin-drama,course-28-2,Ajustes trimestrales (sin drama),reading,4,50,2026-03-26 00:18:49.845,,5
alertas-bancarias-que-activar,course-19-1,Alertas bancarias (qué activar),reading,3,50,2026-03-26 00:17:12.317,,5
antes-de-pagar-checklist-de-decision,course-3-2,Antes de pagar: checklist de decisión,reading,2,50,2026-03-26 00:14:27.053,,5
antiguedad-por-que-el-tiempo-importa,course-13-2,Antigüedad: por qué el tiempo importa,reading,4,50,2026-03-26 00:16:13.808,,5
anualidad-comisiones-y-cargos-comunes,course-12-2,"Anualidad, comisiones y cargos comunes",reading,4,50,2026-03-26 00:16:03.314,,5
apalancamiento-hacer-mas-con-menos,course-2-3,Apalancamiento: Hacer más con menos,reading,3,50,2026-03-26 00:14:19.267,,5
apariencia-de-riqueza-vs-riqueza-real,course-3-3,“Apariencia de riqueza” vs riqueza real,reading,2,50,2026-03-26 00:14:30.323,,5
apps-para-metas-y-ahorro-como-usarlas,course-19-1,Apps para metas y ahorro (cómo usarlas),reading,2,50,2026-03-26 00:17:11.782,,5
apps-para-registrar-gastos-que-deben-tener,course-19-1,Apps para registrar gastos (qué deben tener),reading,1,50,2026-03-26 00:17:11.243,,5
armar-presupuesto-paso-a-paso,course-6-2,Armar presupuesto paso a paso,reading,1,50,2026-03-26 00:14:58.919,,5
armar-tu-stack-financiero-digital-basico,course-19-1,Armar tu “stack” financiero digital básico,reading,5,50,2026-03-26 00:17:13.499,,5
aumentar-ingresos-sin-trabajar-mas,course-5-1,Aumentar ingresos sin “trabajar más”,reading,4,50,2026-03-26 00:14:46.808,,5
aumentar-margen-sin-aumentar-estres,course-29-2,Aumentar margen sin aumentar estrés,reading,3,50,2026-03-26 00:19:00.145,,5
aumentar-patrimonio-con-consistencia,course-27-2,Aumentar patrimonio con consistencia,reading,4,50,2026-03-26 00:18:39.379,,5
automatizar-ahorro-simulado,course-8-3,Automatizar ahorro (simulado),reading,1,50,2026-03-26 00:15:23.047,,5
automatizar-decisiones-menos-estres,course-28-3,Automatizar decisiones (menos estrés),reading,4,50,2026-03-26 00:18:53.101,,5
balance-simple-entrasale,course-5-3,Balance simple (entra/sale),reading,1,50,2026-03-26 00:14:51.71,,5
buenas-practicas-basicas-orden,course-17-3,Buenas prácticas básicas (orden),reading,4,50,2026-03-26 00:16:58.731,,5
cambiar-cartera-cada-semana-error,course-26-3,Cambiar cartera cada semana (error),reading,3,50,2026-03-26 00:18:31.729,,5
cambiar-prioridades-sin-abandonar,course-9-2,Cambiar prioridades sin abandonar,reading,4,50,2026-03-26 00:15:31.892,,5
capital-de-donde-sale-en-la-vida-real,course-23-2,Capital: de dónde sale en la vida real,reading,2,50,2026-03-26 00:17:56.598,,5
capital-intelectual-vs-capital-financiero,course-2-3,Capital Intelectual vs Capital Financiero,reading,1,50,2026-03-26 00:14:18.187,,5
caso-ajustar-precio-para-ser-rentable,course-30-2,Caso: ajustar precio para ser rentable,reading,5,50,2026-03-26 00:19:11.267,,5
caso-configurar-banca-digital-de-forma-segura,course-19-2,Caso: configurar banca digital de forma segura,reading,5,50,2026-03-26 00:17:16.725,,5
caso-corregir-un-plan-que-fallo,course-28-2,Caso: corregir un plan que falló,reading,5,50,2026-03-26 00:18:50.394,,5
caso-decision-inteligente-con-intereses,course-15-3,Caso: decisión inteligente con intereses,reading,5,50,2026-03-26 00:16:38.361,,5
caso-dos-caminos-dos-patrimonios,course-27-2,"Caso: dos caminos, dos patrimonios",reading,5,50,2026-03-26 00:18:39.915,,5
caso-dos-metas-en-conflicto,course-9-2,Caso: dos metas en conflicto,reading,5,50,2026-03-26 00:15:32.439,,5
caso-elegir-entre-2-decisiones-activo-vs-pasivo,course-21-2,Caso: elegir entre 2 decisiones (activo vs pasivo),reading,5,50,2026-03-26 00:17:37.454,,5
caso-elegir-instrumento-segun-objetivo,course-24-2,Caso: elegir instrumento según objetivo,reading,5,50,2026-03-26 00:18:08.63,,5
caso-elegir-inversion-segun-perfil,course-25-2,Caso: elegir inversión según perfil,reading,5,50,2026-03-26 00:18:19.143,,5
caso-elegir-una-cobertura-basica-correcta,course-16-2,Caso: elegir una cobertura básica correcta,reading,5,50,2026-03-26 00:16:45.583,,5
caso-evaluar-una-propuesta-pasiva,course-23-2,Caso: evaluar una propuesta “pasiva”,reading,5,50,2026-03-26 00:17:58.22,,5
caso-gasto-por-emocion-paso-a-paso,course-3-2,Caso: “gasto por emoción” paso a paso,reading,5,50,2026-03-26 00:14:28.693,,5
caso-identificar-si-un-mensaje-es-fraude,course-18-1,Caso: identificar si un mensaje es fraude,reading,5,50,2026-03-26 00:17:03.046,,5
caso-imprevisto-y-que-herramienta-usar,course-16-3,Caso: imprevisto y qué herramienta usar,reading,5,50,2026-03-26 00:16:48.839,,5
caso-leer-un-ticket-y-detectar-iva,course-17-2,Caso: leer un ticket y detectar IVA,reading,5,50,2026-03-26 00:16:55.922,,5
caso-mejorar-una-cartera-mal-diversificada,course-26-2,Caso: mejorar una cartera mal diversificada,reading,5,50,2026-03-26 00:18:29.573,,5
caso-meta-7-dias-30-dias,course-9-1,Caso: meta 7 días / 30 días,reading,5,50,2026-03-26 00:15:29.147,,5
caso-negociar-un-pago-por-un-servicio,course-22-2,Caso: negociar un pago por un servicio,reading,5,50,2026-03-26 00:17:47.932,,5
caso-negocio-con-ventas-pero-sin-dinero,course-30-1,Caso: negocio con ventas pero sin dinero,reading,5,50,2026-03-26 00:19:07.997,,5
caso-plan-realista-hacia-libertad,course-29-2,Caso: plan realista hacia libertad,reading,5,50,2026-03-26 00:19:01.183,,5
caso-precios-hoy-vs-hace-2-anos,course-20-1,Caso: precios hoy vs hace 2 años,reading,5,50,2026-03-26 00:17:23.723,,5
caso-presupuesto-con-imprevisto,course-6-2,Caso: presupuesto con imprevisto,reading,5,50,2026-03-26 00:15:01.103,,5
caso-reconstruccion-paso-a-paso,course-13-3,Caso: reconstrucción paso a paso,reading,5,50,2026-03-26 00:16:17.596,,5
caso-recuperar-control-del-mes,course-5-2,Caso: recuperar control del mes,reading,5,50,2026-03-26 00:14:50.625,,5
caso-salir-de-deudas-con-ingresos-limitados,course-14-3,Caso: salir de deudas con ingresos limitados,reading,5,50,2026-03-26 00:16:28.04,,5
cat-explicado-con-ejemplo-real,course-15-2,CAT explicado con ejemplo real,reading,1,50,2026-03-26 00:16:32.903,,5
checklist-de-riesgos-personales-basico,course-16-1,Checklist de riesgos personales básico,reading,5,50,2026-03-26 00:16:42.274,,5
checklist-de-seguridad-personal,course-18-2,Checklist de seguridad personal,reading,5,50,2026-03-26 00:17:06.358,,5
checkpoint-distinguir-pasivo-real-vs-mito,course-23-3,Checkpoint: distinguir pasivo real vs mito,reading,5,50,2026-03-26 00:18:01.559,,5
checkpoint-mi-estrategia-inicial-de-inversion,course-24-3,Checkpoint: mi estrategia inicial de inversión,reading,5,50,2026-03-26 00:18:11.875,,5
checkpoint-mi-indicador-de-libertad,course-29-3,Checkpoint: mi indicador de libertad,reading,5,50,2026-03-26 00:19:04.331,,5
checkpoint-mi-manual-de-dinero-v1,course-28-1,Checkpoint: mi manual de dinero v1,reading,5,50,2026-03-26 00:18:47.117,,5
checkpoint-mi-mapa-patrimonial,course-27-3,Checkpoint: mi mapa patrimonial,reading,5,50,2026-03-26 00:18:43.204,,5
checkpoint-mi-plan-de-crecimiento-de-ingresos,course-22-3,Checkpoint: mi plan de crecimiento de ingresos,reading,5,50,2026-03-26 00:17:51.187,,5
checkpoint-mi-regla-personal-de-riesgo,course-25-3,Checkpoint: mi regla personal de riesgo,reading,5,50,2026-03-26 00:18:22.405,,5
checkpoint-mi-sistema-de-seguimiento,course-28-3,Checkpoint: mi sistema de seguimiento,reading,5,50,2026-03-26 00:18:54.389,,5
checkpoint-mis-reglas-personales-activospasivos,course-21-3,Checkpoint: mis reglas personales activos/pasivos,reading,5,50,2026-03-26 00:17:40.743,,5
checkpoint-plan-financiero-de-mi-negocio,course-30-3,Checkpoint: plan financiero de mi negocio,reading,5,50,2026-03-26 00:19:14.401,,5
checkpoint-reglas-simples-para-diversificar,course-26-3,Checkpoint: reglas simples para diversificar,reading,5,50,2026-03-26 00:18:32.809,,5
cierre-de-meta-y-siguiente-meta,course-9-3,Cierre de meta y siguiente meta,reading,5,50,2026-03-26 00:15:35.716,,5
cierre-mensual-que-aprendi,course-10-1,Cierre mensual (qué aprendí),reading,5,50,2026-03-26 00:15:39.545,,5
clabe-tarjeta-numero-de-cuenta-no-confundirse,course-11-2,"CLABE, tarjeta, número de cuenta (no confundirse)",reading,2,50,2026-03-26 00:15:51.733,,5
clasificar-mis-gastos-ejercicio-completo,course-4-1,Clasificar mis gastos (ejercicio completo),reading,5,50,2026-03-26 00:14:36.87,,5
comisiones-bancarias-comunes,course-4-3,Comisiones bancarias comunes,reading,2,50,2026-03-26 00:14:41.892,,5
comisiones-digitales-comunes-cuidado,course-19-2,Comisiones digitales comunes (cuidado),reading,2,50,2026-03-26 00:17:15.108,,5
comisiones-por-que-existen-y-como-te-afectan,course-11-1,Comisiones: por qué existen y cómo te afectan,reading,4,50,2026-03-26 00:15:49.557,,5
como-afecta-tu-ahorro,course-20-2,¿Cómo afecta tu ahorro?,reading,1,50,2026-03-26 00:17:24.845,,5
como-afecta-tu-salario-o-mesada,course-20-2,¿Cómo afecta tu salario o mesada?,reading,2,50,2026-03-26 00:17:25.389,,5
como-arreglar-un-atraso-sin-empeorar-todo,course-13-3,¿Cómo arreglar un atraso sin empeorar todo?,reading,2,50,2026-03-26 00:16:15.973,,5
como-crear-margen,course-5-3,¿Cómo crear margen?,reading,3,50,2026-03-26 00:14:52.798,,5
como-cuestionar-una-creencia-con-evidencia,course-1-3,¿Cómo cuestionar una creencia con evidencia?,reading,4,50,2026-03-26 00:14:08.349,,5
como-decir-que-no-sin-sentirte-menos,course-3-3,¿Cómo decir que no sin sentirte menos?,reading,4,50,2026-03-26 00:14:31.418,,5
como-distinguirlos-en-10-segundos,course-21-1,¿Cómo distinguirlos en 10 segundos?,reading,3,50,2026-03-26 00:17:33.076,,5
como-elegir-banco-o-cuenta-criterios-simples,course-11-3,¿Cómo elegir banco o cuenta (criterios simples)?,reading,1,50,2026-03-26 00:15:54.465,,5
como-empezar-con-poco,course-8-2,¿Cómo empezar con poco?,reading,3,50,2026-03-26 00:15:20.887,,5
como-empezar-con-poco-sin-improvisar,course-24-3,¿Cómo empezar con poco sin improvisar?,reading,1,50,2026-03-26 00:18:09.715,,5
como-evitar-errores-en-banca-movil,course-19-2,¿Cómo evitar errores en banca móvil?,reading,4,50,2026-03-26 00:17:16.189,,5
como-fijar-un-precio-a-tu-trabajo-basico,course-22-2,¿Cómo fijar un precio a tu trabajo (básico)?,reading,2,50,2026-03-26 00:17:46.272,,5
como-funciona-una-tarjeta-ciclo-de-pago,course-12-2,¿Cómo funciona una tarjeta (ciclo de pago)?,reading,1,50,2026-03-26 00:16:01.659,,5
como-me-hace-sentir-el-dinero,course-1-2,¿Cómo me hace sentir el dinero?,reading,1,50,2026-03-26 00:14:03.278,,5
como-medirlo-sin-complicarte,course-27-1,¿Cómo medirlo sin complicarte?,reading,2,50,2026-03-26 00:18:34.979,,5
como-pedir-mejor-pago-sin-pena-pasos,course-22-2,¿Cómo pedir mejor pago sin pena (pasos)?,reading,3,50,2026-03-26 00:17:46.858,,5
como-poner-precio-3-metodos-simples,course-30-2,¿Cómo poner precio (3 métodos simples)?,reading,2,50,2026-03-26 00:19:09.676,,5
como-se-crea-historial-desde-cero-opciones-reales,course-13-2,¿Cómo se crea historial desde cero (opciones reales)?,reading,1,50,2026-03-26 00:16:12.128,,5
como-se-genera-ingreso-en-el-mundo-real,course-22-1,¿Cómo se genera ingreso en el mundo real?,reading,1,50,2026-03-26 00:17:42.357,,5
como-seguirlo-dia-a-dia,course-6-3,¿Cómo seguirlo día a día?,reading,1,50,2026-03-26 00:15:02.188,,5
como-sostener-habitos-30-dias,course-7-2,¿Cómo sostener hábitos 30 días?,reading,2,50,2026-03-26 00:15:09.935,,5
comparar-2-creditos-cual-es-mas-caro-y-por-que,course-15-2,Comparar 2 créditos: cuál es más caro y por qué,reading,5,50,2026-03-26 00:16:35.091,,5
comportamientos-que-ayudan-pagos-a-tiempo,course-13-2,Comportamientos que ayudan (pagos a tiempo),reading,2,50,2026-03-26 00:16:12.67,,5
comprar-por-estatus-vs-por-valor,course-3-3,Comprar por estatus vs por valor,reading,1,50,2026-03-26 00:14:29.777,,5
compras-en-linea-falsas-como-detectarlas,course-18-1,Compras en línea falsas (cómo detectarlas),reading,4,50,2026-03-26 00:17:02.504,,5
compras-por-aburrimiento-vs-necesidad,course-3-1,Compras por aburrimiento vs necesidad,reading,4,50,2026-03-26 00:14:24.86,,5
compras-seguras-marketplaces-comprobantes,course-18-3,"Compras seguras (marketplaces, comprobantes)",reading,4,50,2026-03-26 00:17:09.06,,5
consistencia-aportar-cada-mes-idea,course-24-3,Consistencia: aportar cada mes (idea),reading,3,50,2026-03-26 00:18:10.787,,5
construir-reputacion-y-por-que-paga,course-22-3,Construir reputación (y por qué paga),reading,4,50,2026-03-26 00:17:50.646,,5
contrasenas-seguras-sin-complicar,course-18-2,Contraseñas seguras (sin complicar),reading,1,50,2026-03-26 00:17:04.13,,5
control-crecimiento-patrimonio-ruta,course-29-2,Control → crecimiento → patrimonio (ruta),reading,1,50,2026-03-26 00:18:59.095,,5
control-de-suscripciones-herramientas,course-19-1,Control de suscripciones (herramientas),reading,4,50,2026-03-26 00:17:12.966,,5
convertir-gasto-en-inversion-cuando-si-se-puede,course-21-3,Convertir gasto en inversión (cuando sí se puede),reading,2,50,2026-03-26 00:17:39.121,,5
correlacion-simple-sin-tecnicismos,course-26-1,Correlación simple (sin tecnicismos),reading,4,50,2026-03-26 00:18:25.672,,5
cortar-la-causa-no-solo-pagar,course-14-3,Cortar la causa (no solo pagar),reading,2,50,2026-03-26 00:16:26.31,,5
costo-real-del-credito-idea-sin-formula,course-12-1,Costo real del crédito (idea sin fórmula),reading,4,50,2026-03-26 00:16:00.01,,5
costo-real-gasto-extras,course-4-1,Costo real: gasto + extras,reading,4,50,2026-03-26 00:14:36.317,,5
costos-fijos-vs-variables-negocio,course-30-1,Costos fijos vs variables (negocio),reading,2,50,2026-03-26 00:19:06.425,,5
costos-ocultos-saldo-minimo-anualidad-comisiones,course-11-3,"Costos ocultos (saldo mínimo, anualidad, comisiones)",reading,2,50,2026-03-26 00:15:55.014,,5
costos-por-pagar-tarde,course-4-3,Costos por pagar tarde,reading,4,50,2026-03-26 00:14:42.981,,5
credito-bueno-vs-malo-con-ejemplos-reales,course-12-1,Crédito bueno vs malo (con ejemplos reales),reading,2,50,2026-03-26 00:15:58.917,,5
cuando-conviene-adelantar-pagos,course-15-2,¿Cuándo conviene adelantar pagos?,reading,4,50,2026-03-26 00:16:34.546,,5
cuando-se-usa-y-cuando-no,course-8-2,¿Cuándo se usa y cuándo no?,reading,4,50,2026-03-26 00:15:21.435,,5
cuanto-necesito-simple,course-8-2,¿Cuánto necesito (simple)?,reading,2,50,2026-03-26 00:15:20.316,,5
culpa-y-ansiedad-financiera-como-se-forman,course-1-2,Culpa y ansiedad financiera (cómo se forman),reading,4,50,2026-03-26 00:14:04.962,,5
de-donde-entra-mi-dinero-hoy,course-5-1,¿De dónde entra mi dinero hoy?,reading,1,50,2026-03-26 00:14:45.155,,5
debito-vs-ahorro-vs-nomina-cuando-usar-cada-una,course-11-2,Débito vs ahorro vs nómina (cuándo usar cada una),reading,1,50,2026-03-26 00:15:51.192,,5
decisiones-que-destruyen-patrimonio,course-27-2,Decisiones que destruyen patrimonio,reading,2,50,2026-03-26 00:18:38.266,,5
deducciones-que-son-sin-complicar,course-17-3,Deducciones: qué son (sin complicar),reading,3,50,2026-03-26 00:16:58.188,,5
deducible-prima-cobertura-simple,course-16-2,"Deducible, prima, cobertura (simple)",reading,2,50,2026-03-26 00:16:43.927,,5
detectar-3-gastos-hormiga-personales,course-4-2,Detectar 3 gastos hormiga personales,reading,2,50,2026-03-26 00:14:38.522,,5
detectar-mi-fuente-principal-de-riesgo,course-5-1,Detectar mi fuente principal de riesgo,reading,5,50,2026-03-26 00:14:47.341,,5
detectar-mis-triggers-casos,course-3-1,Detectar mis triggers (casos),reading,5,50,2026-03-26 00:14:25.412,,5
diagnostico-mi-nivel-de-riesgo-de-deuda,course-14-1,Diagnóstico: mi nivel de riesgo de deuda,reading,5,50,2026-03-26 00:16:21.407,,5
diferencia-entre-inflacion-baja-y-alta,course-20-1,Diferencia entre inflación baja y alta,reading,4,50,2026-03-26 00:17:23.18,,5
diferencia-entre-promocion-y-condicion-real,course-11-3,Diferencia entre “promoción” y “condición real”,reading,4,50,2026-03-26 00:15:56.207,,5
diferenciar-esfuerzo-de-estrategia,course-22-3,Diferenciar esfuerzo de estrategia,reading,3,50,2026-03-26 00:17:50.098,,5
dinero-como-presion-vs-oportunidad,course-1-1,Dinero como presión vs oportunidad,reading,4,50,2026-03-26 00:14:01.638,,5
dinero-como-seguridad-vs-libertad,course-1-1,Dinero como seguridad vs libertad,reading,3,50,2026-03-26 00:14:01.084,,5
dinero-rapido-y-piramides-red-flags,course-18-1,“Dinero rápido” y pirámides (red flags),reading,3,50,2026-03-26 00:17:01.964,,5
disenar-mi-rutina-financiera,course-7-3,Diseñar mi rutina financiera,reading,1,50,2026-03-26 00:15:12.674,,5
diseno-de-carrera-de-operativo-a-estrategico,course-2-2,Diseño de Carrera: De Operativo a Estratégico,reading,5,50,2026-03-26 00:14:17.096,,5
diversificacion-como-control-idea,course-25-3,Diversificación como control (idea),reading,2,50,2026-03-26 00:18:20.776,,5
diversificacion-dentro-de-un-instrumento,course-24-2,Diversificación dentro de un instrumento,reading,4,50,2026-03-26 00:18:08.084,,5
diversificar-no-es-comprar-de-todo,course-26-1,Diversificar no es comprar “de todo”,reading,3,50,2026-03-26 00:18:25.132,,5
diversificar-por-instrumento,course-26-2,Diversificar por instrumento,reading,1,50,2026-03-26 00:18:27.302,,5
diversificar-por-objetivo-corto-vs-largo,course-26-2,Diversificar por objetivo (corto vs largo),reading,4,50,2026-03-26 00:18:28.924,,5
diversificar-por-sectortema-idea-simple,course-26-2,Diversificar por sector/tema (idea simple),reading,2,50,2026-03-26 00:18:27.843,,5
diversificar-por-tiempo-entradas-escalonadas,course-26-2,Diversificar por tiempo (entradas escalonadas),reading,3,50,2026-03-26 00:18:28.385,,5
diversificar-sin-entender-que-compras,course-26-3,Diversificar sin entender qué compras,reading,2,50,2026-03-26 00:18:31.182,,5
ejemplos-digitales-con-trabajo-previo,course-23-3,Ejemplos digitales (con trabajo previo),reading,3,50,2026-03-26 00:18:00.478,,5
ejemplos-moderados-mas-riesgo,course-23-3,Ejemplos moderados (más riesgo),reading,2,50,2026-03-26 00:17:59.938,,5
ejemplos-simples-bajo-riesgo,course-23-3,Ejemplos simples (bajo riesgo),reading,1,50,2026-03-26 00:17:59.398,,5
ejemplos-tipicos-de-jovenes-lo-que-confunde,course-21-2,Ejemplos típicos de jóvenes (lo que confunde),reading,1,50,2026-03-26 00:17:35.251,,5
el-costo-de-no-saber-impuesto-a-la-ignorancia,course-2-3,El costo de no saber: Impuesto a la ignorancia,reading,2,50,2026-03-26 00:14:18.724,,5
el-costo-emocional-de-la-deuda,course-14-1,El “costo emocional” de la deuda,reading,4,50,2026-03-26 00:16:20.866,,5
el-costo-total-de-un-pasivo-mas-alla-del-precio,course-21-2,El costo total de un pasivo (más allá del precio),reading,3,50,2026-03-26 00:17:36.382,,5
el-triangulo-del-valor-habilidad-escala-rareza,course-2-1,"El Triángulo del Valor (Habilidad, Escala, Rareza)",reading,3,50,2026-03-26 00:14:12.72,,5
elegir-el-tipo-correcto-para-mi,course-6-1,Elegir el tipo correcto para mí,reading,5,50,2026-03-26 00:14:57.83,,5
elegir-metas-sin-saturarme,course-9-2,Elegir metas sin saturarme,reading,1,50,2026-03-26 00:15:30.238,,5
elegir-metodo-segun-tu-situacion,course-14-2,Elegir método según tu situación,reading,5,50,2026-03-26 00:16:24.695,,5
emocion-vs-decision-casos-reales,course-1-2,Emoción vs decisión (casos reales),reading,5,50,2026-03-26 00:14:05.502,,5
endeudarte-por-necesidad-vs-por-impulso,course-14-1,Endeudarte por necesidad vs por impulso,reading,3,50,2026-03-26 00:16:20.326,,5
envios-propinas-recargos,course-4-3,"Envíos, propinas, recargos",reading,3,50,2026-03-26 00:14:42.436,,5
errores-al-cobrar-barato,course-30-2,Errores al cobrar barato,reading,3,50,2026-03-26 00:19:10.2,,5
errores-al-negociar-y-como-evitarlos,course-22-2,Errores al negociar (y cómo evitarlos),reading,4,50,2026-03-26 00:17:47.399,,5
errores-comunes-al-ahorrar,course-8-1,Errores comunes al ahorrar,reading,5,50,2026-03-26 00:15:18.68,,5
errores-comunes-al-contratar,course-16-2,Errores comunes al contratar,reading,4,50,2026-03-26 00:16:45.028,,5
errores-comunes-al-intentar-pasivos,course-23-3,Errores comunes al intentar pasivos,reading,4,50,2026-03-26 00:18:01.02,,5
errores-comunes-al-querer-verse-bien,course-21-3,Errores comunes al “querer verse bien”,reading,4,50,2026-03-26 00:17:40.197,,5
errores-comunes-al-transferir-y-como-evitarlos,course-11-2,Errores comunes al transferir (y cómo evitarlos),reading,4,50,2026-03-26 00:15:52.833,,5
errores-comunes-en-inflacion-compras-impulsivas,course-20-2,Errores comunes en inflación (compras impulsivas),reading,3,50,2026-03-26 00:17:25.965,,5
errores-del-principiante-comunes,course-24-3,Errores del principiante (comunes),reading,2,50,2026-03-26 00:18:10.249,,5
errores-que-hunden-mas-el-historial,course-13-3,Errores que hunden más el historial,reading,4,50,2026-03-26 00:16:17.048,,5
errores-que-retrasan-libertad-deuda-impulsos,course-29-2,"Errores que retrasan libertad (deuda, impulsos)",reading,2,50,2026-03-26 00:18:59.62,,5
errores-tipicos-al-presupuestar,course-6-1,Errores típicos al presupuestar,reading,2,50,2026-03-26 00:14:56.18,,5
errores-tipicos-meses-sin-intereses-mal-usados,course-12-3,Errores típicos (meses sin intereses mal usados),reading,3,50,2026-03-26 00:16:06.043,,5
errores-tipicos-no-pedir-factura-datos-mal,course-17-2,"Errores típicos (no pedir factura, datos mal)",reading,3,50,2026-03-26 00:16:54.84,,5
escalabilidad-tu-tiempo-tiene-techo,course-2-2,Escalabilidad: ¿Tu tiempo tiene techo?,reading,2,50,2026-03-26 00:14:15.465,,5
escalar-ingresos-con-habilidades-no-solo-trabajar-mas,course-22-3,Escalar ingresos con habilidades (no solo trabajar más),reading,1,50,2026-03-26 00:17:49.005,,5
escalar-sin-morir-de-flujo,course-30-3,Escalar sin morir de flujo,reading,3,50,2026-03-26 00:19:13.362,,5
escenarios-gano-menos,course-10-2,Escenarios: gano menos,reading,2,50,2026-03-26 00:15:41.296,,5
escenarios-gasto-mas,course-10-2,Escenarios: gasto más,reading,3,50,2026-03-26 00:15:41.833,,5
escenarios-si-gano-mas,course-28-2,Escenarios: si gano más,reading,2,50,2026-03-26 00:18:48.746,,5
escenarios-si-gano-menos,course-28-2,Escenarios: si gano menos,reading,3,50,2026-03-26 00:18:49.293,,5
estafas-tipicas-en-redes-senales,course-18-1,Estafas típicas en redes (señales),reading,1,50,2026-03-26 00:17:00.892,,5
esto-parece-activo-pero-no-lo-es-casos,course-21-2,“Esto parece activo pero no lo es” (casos),reading,2,50,2026-03-26 00:17:35.785,,5
etfs-y-fondos-concepto-general,course-24-2,ETFs y fondos (concepto general),reading,2,50,2026-03-26 00:18:06.995,,5
evaluacion-como-se-ve-tu-flujo-de-entrada-hoy,course-2-1,Evaluación: ¿Cómo se ve tu flujo de entrada hoy?,reading,5,50,2026-03-26 00:14:13.806,,5
evaluacion-de-bloque-1,course-1-4,Evaluación de Bloque 1,reading,1,50,2026-03-26 00:14:10.002,,5
evaluacion-de-bloque-2,course-2-4,Evaluación de Bloque 2,reading,1,50,2026-03-26 00:14:21.466,,5
evaluacion-de-bloque-3,course-3-4,Evaluación de Bloque 3,reading,1,50,2026-03-26 00:14:33.049,,5
evitar-abandonar-a-mitad,course-9-3,Evitar abandonar a mitad,reading,3,50,2026-03-26 00:15:34.623,,5
evitar-compras-impulsivas-online-reglas,course-19-3,Evitar compras impulsivas online (reglas),reading,4,50,2026-03-26 00:17:19.418,,5
evitar-crecer-y-gastar-todo,course-27-3,Evitar “crecer y gastar todo”,reading,2,50,2026-03-26 00:18:41.558,,5
evitar-decisiones-impulsivas-regla,course-25-3,Evitar decisiones impulsivas (regla),reading,3,50,2026-03-26 00:18:21.318,,5
evitar-gastos-catastroficos-reglas,course-16-3,Evitar gastos catastróficos (reglas),reading,3,50,2026-03-26 00:16:47.751,,5
evitar-volver-a-caer-reglas-personales,course-14-3,Evitar volver a caer (reglas personales),reading,4,50,2026-03-26 00:16:27.504,,5
expectativas-vs-realidad-financiera,course-1-3,Expectativas vs realidad financiera,reading,2,50,2026-03-26 00:14:07.149,,5
fecha-de-corte-vs-fecha-limite-sin-confundirse,course-12-2,Fecha de corte vs fecha límite (sin confundirse),reading,2,50,2026-03-26 00:16:02.204,,5
flujo-de-efectivo-del-negocio-oxigeno,course-30-1,Flujo de efectivo del negocio (oxígeno),reading,4,50,2026-03-26 00:19:07.473,,5
fondo-de-emergencia-vs-seguro-diferencia,course-16-3,Fondo de emergencia vs seguro (diferencia),reading,1,50,2026-03-26 00:16:46.664,,5
frases-heredadas-que-me-limitan,course-1-3,Frases heredadas que me limitan,reading,3,50,2026-03-26 00:14:07.694,,5
fugas-de-dinero-las-3-tipicas,course-5-2,Fugas de dinero (las 3 típicas),reading,2,50,2026-03-26 00:14:48.964,,5
gastar-mas-de-lo-que-entra-senales,course-5-2,Gastar más de lo que entra (señales),reading,3,50,2026-03-26 00:14:49.529,,5
gastos-discrecionales-lo-que-si-eliges,course-4-1,Gastos discrecionales (lo que sí eliges),reading,3,50,2026-03-26 00:14:35.765,,5
gastos-fijos-vs-variables,course-4-1,Gastos fijos vs variables,reading,1,50,2026-03-26 00:14:34.67,,5
habilidades-de-alto-valor-high-income-skills,course-2-2,Habilidades de Alto Valor (High-Income Skills),reading,1,50,2026-03-26 00:14:14.897,,5
habilidades-que-pagan-como-elegir,course-22-1,Habilidades que pagan (cómo elegir),reading,3,50,2026-03-26 00:17:43.549,,5
habito-de-cierre-mensual,course-7-1,Hábito de “cierre mensual”,reading,5,50,2026-03-26 00:15:08.194,,5
habito-minimo-cuando-no-tienes-ganas,course-7-2,Hábito mínimo (cuando no tienes ganas),reading,4,50,2026-03-26 00:15:11.027,,5
habitos-que-construyen-patrimonio,course-27-2,Hábitos que construyen patrimonio,reading,1,50,2026-03-26 00:18:37.712,,5
horizonte-de-inversion-tiempo,course-24-1,Horizonte de inversión (tiempo),reading,2,50,2026-03-26 00:18:03.718,,5
identificar-mi-definicion-personal-del-dinero,course-1-1,Identificar mi “definición personal” del dinero,reading,5,50,2026-03-26 00:14:02.19,,5
imprevistos-y-colchon,course-10-1,Imprevistos y colchón,reading,3,50,2026-03-26 00:15:38.46,,5
impuestos-visibles-e-invisibles,course-17-1,Impuestos visibles e invisibles,reading,4,50,2026-03-26 00:16:52.066,,5
indicadores-basicos-ventas-margen-flujo,course-30-3,"Indicadores básicos (ventas, margen, flujo)",reading,4,50,2026-03-26 00:19:13.876,,5
inflacion-e-inversion-idea-base,course-20-3,Inflación e inversión (idea base),reading,4,50,2026-03-26 00:17:29.821,,5
inflacion-vs-que-todo-esta-caro,course-20-1,Inflación vs “que todo está caro”,reading,3,50,2026-03-26 00:17:22.645,,5
inflacion-y-deuda-que-conviene,course-20-3,Inflación y deuda (qué conviene),reading,3,50,2026-03-26 00:17:29.281,,5
ingreso-activo-vs-pasivo-la-realidad,course-2-1,Ingreso Activo vs Pasivo: La Realidad,reading,2,50,2026-03-26 00:14:12.178,,5
ingreso-activo-vs-variable-ejemplos-reales,course-22-1,Ingreso activo vs variable (ejemplos reales),reading,2,50,2026-03-26 00:17:42.896,,5
ingreso-de-portafolio-dinero-que-genera-dinero,course-2-1,Ingreso de Portafolio: Dinero que genera dinero,reading,4,50,2026-03-26 00:14:13.27,,5
ingresos-costos-y-utilidad-negocio,course-30-1,"Ingresos, costos y utilidad (negocio)",reading,1,50,2026-03-26 00:19:05.901,,5
ingresos-fijos-vs-variables,course-5-1,Ingresos fijos vs variables,reading,2,50,2026-03-26 00:14:45.708,,5
ingresos-irregulares-como-manejarlos,course-5-1,Ingresos irregulares (cómo manejarlos),reading,3,50,2026-03-26 00:14:46.256,,5
ingresos-recurrentes-tu-ejercito-de-centavos,course-2-3,Ingresos Recurrentes: Tu ejército de centavos,reading,4,50,2026-03-26 00:14:19.814,,5
ingresos-y-obligaciones-concepto,course-17-3,Ingresos y obligaciones (concepto),reading,1,50,2026-03-26 00:16:57.002,,5
interes-a-tu-favor-vs-en-tu-contra,course-15-1,Interés a tu favor vs en tu contra,reading,3,50,2026-03-26 00:16:30.742,,5
interes-compuesto-en-ahorroinversion-idea,course-15-3,Interés compuesto en ahorro/inversión (idea),reading,4,50,2026-03-26 00:16:37.814,,5
interes-en-deudas-estrategia-para-reducirlo,course-15-3,Interés en deudas: estrategia para reducirlo,reading,3,50,2026-03-26 00:16:37.266,,5
interes-en-tarjetas-como-evitarlo-siempre,course-15-3,Interés en tarjetas: cómo evitarlo siempre,reading,2,50,2026-03-26 00:16:36.723,,5
interes-simple-vs-compuesto-con-ejemplo,course-15-1,Interés simple vs compuesto (con ejemplo),reading,2,50,2026-03-26 00:16:30.203,,5
intereses-moratorios-pagar-tarde-sale-caro,course-15-2,Intereses moratorios (pagar tarde sale caro),reading,3,50,2026-03-26 00:16:34.013,,5
invertir-en-ti-el-roi-de-tu-educacion,course-2-2,Invertir en ti: El ROI de tu educación,reading,3,50,2026-03-26 00:14:16,,5
isr-explicado-simple-idea-general,course-17-1,ISR explicado simple (idea general),reading,3,50,2026-03-26 00:16:51.523,,5
iva-explicado-facil-en-tu-vida-diaria,course-17-1,IVA explicado fácil (en tu vida diaria),reading,2,50,2026-03-26 00:16:50.989,,5
libertad-como-margen-y-opciones,course-29-1,Libertad como margen y opciones,reading,4,50,2026-03-26 00:18:57.524,,5
libertad-vs-apariencia-de-libertad,course-29-1,Libertad vs apariencia de libertad,reading,3,50,2026-03-26 00:18:57.002,,5
limites-personales-cuanto-si-gastar-con-tarjeta,course-12-3,Límites personales: cuánto sí gastar con tarjeta,reading,1,50,2026-03-26 00:16:04.963,,5
limpieza-cancelar-y-optimizar,course-4-3,Limpieza: cancelar y optimizar,reading,5,50,2026-03-26 00:14:43.523,,5
liquidez-cuando-importa,course-24-1,Liquidez: cuándo importa,reading,4,50,2026-03-26 00:18:04.801,,5
lista-real-de-deudas-como-organizarla,course-14-2,Lista real de deudas (cómo organizarla),reading,1,50,2026-03-26 00:16:22.487,,5
mantener-constancia-3-meses,course-8-3,Mantener constancia 3 meses,reading,5,50,2026-03-26 00:15:25.327,,5
mantener-habitos-cuando-ya-te-va-bien,course-29-3,Mantener hábitos cuando ya te va bien,reading,4,50,2026-03-26 00:19:03.788,,5
manual-personal-de-dinero-version-1,course-10-3,Manual personal de dinero (versión 1),reading,5,50,2026-03-26 00:15:46.273,,5
margen-como-habito-no-accidente,course-5-3,Margen como hábito (no accidente),reading,4,50,2026-03-26 00:14:53.345,,5
margen-por-que-importa,course-30-1,Margen: por qué importa,reading,3,50,2026-03-26 00:19:06.949,,5
medir-avance-simple,course-9-3,Medir avance simple,reading,1,50,2026-03-26 00:15:33.534,,5
meses-sin-intereses-cuando-conviene-y-cuando-no,course-15-3,Meses sin intereses: cuándo conviene y cuándo no,reading,1,50,2026-03-26 00:16:36.176,,5
meta-especifica-y-medible,course-9-1,Meta específica y medible,reading,1,50,2026-03-26 00:15:26.959,,5
meta-realista-vs-fantasia,course-9-1,Meta realista vs fantasía,reading,3,50,2026-03-26 00:15:28.047,,5
meta-vs-antojos-decision,course-9-2,Meta vs antojos (decisión),reading,2,50,2026-03-26 00:15:30.778,,5
metodo-avalancha-matematica,course-14-2,Método avalancha (matemática),reading,4,50,2026-03-26 00:16:24.142,,5
metodo-bola-de-nieve-motivacion,course-14-2,Método bola de nieve (motivación),reading,3,50,2026-03-26 00:16:23.6,,5
metrica-simple-de-avance-sin-complicar,course-29-3,Métrica simple de avance (sin complicar),reading,1,50,2026-03-26 00:19:02.217,,5
metricas-personales-3-indicadores,course-28-3,Métricas personales (3 indicadores),reading,1,50,2026-03-26 00:18:51.472,,5
mi-checklist-mensual,course-7-3,Mi checklist mensual,reading,3,50,2026-03-26 00:15:13.766,,5
mi-checklist-semanal,course-7-3,Mi checklist semanal,reading,2,50,2026-03-26 00:15:13.217,,5
mi-regla-de-no-deuda-mala,course-7-3,Mi regla de “no deuda mala”,reading,4,50,2026-03-26 00:15:14.311,,5
mi-sistema-completo-resumen,course-7-3,Mi sistema completo (resumen),reading,5,50,2026-03-26 00:15:14.858,,5
micro-ahorros-diarios,course-8-3,Micro-ahorros diarios,reading,3,50,2026-03-26 00:15:24.126,,5
micro-habitos-para-evitar-impulsos,course-3-2,Micro-hábitos para evitar impulsos,reading,3,50,2026-03-26 00:14:27.609,,5
mini-caso-elegir-la-mejor-cuenta-para-un-estudiante,course-11-3,Mini caso: elegir la mejor cuenta para un estudiante,reading,5,50,2026-03-26 00:15:56.756,,5
mini-caso-tarjeta-bien-usada-vs-mal-usada,course-12-3,Mini caso: tarjeta bien usada vs mal usada,reading,5,50,2026-03-26 00:16:07.132,,5
mini-plan-como-subir-ingreso-con-habilidad,course-22-1,Mini plan: cómo subir ingreso con habilidad,reading,5,50,2026-03-26 00:17:44.644,,5
mini-plan-de-90-dias-para-construir-historial,course-13-2,Mini plan de 90 días para construir historial,reading,5,50,2026-03-26 00:16:14.35,,5
mini-practica-calcular-patrimonio-neto-basico,course-27-1,Mini práctica: calcular patrimonio neto básico,reading,5,50,2026-03-26 00:18:36.639,,5
mini-practica-clasificar-10-ejemplos,course-21-1,Mini práctica: clasificar 10 ejemplos,reading,5,50,2026-03-26 00:17:34.162,,5
mini-practica-detectar-mala-diversificacion,course-26-1,Mini práctica: detectar mala diversificación,reading,5,50,2026-03-26 00:18:26.214,,5
mini-practica-elegir-ahorro-vs-inversion-en-5-casos,course-24-1,Mini práctica: elegir ahorro vs inversión en 5 casos,reading,5,50,2026-03-26 00:18:05.349,,5
mini-practica-identificar-libertad-real-en-escenarios,course-29-1,Mini práctica: identificar libertad real en escenarios,reading,5,50,2026-03-26 00:18:58.045,,5
mini-practica-identificar-riesgos-en-escenarios,course-25-1,Mini práctica: identificar riesgos en escenarios,reading,5,50,2026-03-26 00:18:15.767,,5
mini-practica-identificar-si-algo-cobra-interes,course-15-1,Mini práctica: identificar si algo “cobra interés”,reading,5,50,2026-03-26 00:16:31.819,,5
mini-reto-semana-con-control-digital,course-19-3,Mini reto: semana con control digital,reading,5,50,2026-03-26 00:17:19.958,,5
mini-simulacion-compra-segura-vs-riesgosa,course-18-3,Mini simulación: compra segura vs riesgosa,reading,5,50,2026-03-26 00:17:09.606,,5
mini-simulacion-inflacion-y-poder-de-compra,course-20-2,Mini simulación: inflación y poder de compra,reading,5,50,2026-03-26 00:17:27.025,,5
mini-simulacion-ingreso-impuesto-simple,course-17-3,Mini simulación: ingreso + impuesto (simple),reading,5,50,2026-03-26 00:16:59.27,,5
mis-primeras-creencias-sobre-el-dinero,course-1-3,Mis primeras creencias sobre el dinero,reading,1,50,2026-03-26 00:14:06.602,,5
mis-prioridades-reales-orden,course-28-1,Mis prioridades reales (orden),reading,1,50,2026-03-26 00:18:44.948,,5
mis-reglas-de-ahorro-minimos,course-28-1,Mis reglas de ahorro (mínimos),reading,3,50,2026-03-26 00:18:46.025,,5
mis-reglas-de-deuda-limites,course-28-1,Mis reglas de deuda (límites),reading,4,50,2026-03-26 00:18:46.568,,5
mis-reglas-de-gasto-claras,course-28-1,Mis reglas de gasto (claras),reading,2,50,2026-03-26 00:18:45.487,,5
mitos-del-buro-lo-que-la-gente-cree-mal,course-13-1,Mitos del buró (lo que la gente cree mal),reading,4,50,2026-03-26 00:16:10.39,,5
motivacion-vs-disciplina,course-7-2,Motivación vs disciplina,reading,1,50,2026-03-26 00:15:09.289,,5
multas-recargos-y-por-que-pagar-tarde-pega,course-17-2,"Multas, recargos y “por qué pagar tarde pega”",reading,4,50,2026-03-26 00:16:55.377,,5
necesidad-vs-deseo,course-4-1,Necesidad vs deseo,reading,2,50,2026-03-26 00:14:35.212,,5
negociar-con-el-banco-que-pedir,course-13-3,Negociar con el banco (qué pedir),reading,3,50,2026-03-26 00:16:16.509,,5
no-apostar-todo-a-una-sola-jugada,course-25-3,No apostar todo a una sola jugada,reading,4,50,2026-03-26 00:18:21.864,,5
no-poner-todo-en-uno-casos-reales,course-26-1,No poner todo en uno (casos reales),reading,2,50,2026-03-26 00:18:24.585,,5
orden-digital-de-recibostickets,course-19-3,Orden digital de recibos/tickets,reading,3,50,2026-03-26 00:17:18.88,,5
pagarte-a-ti-primero,course-8-1,Pagarte a ti primero,reading,2,50,2026-03-26 00:15:17.044,,5
pago-minimo-por-que-es-trampa,course-15-2,Pago mínimo: por qué es trampa,reading,2,50,2026-03-26 00:16:33.451,,5
pago-minimo-vs-pago-para-no-generar-intereses,course-12-2,Pago mínimo vs pago para no generar intereses,reading,3,50,2026-03-26 00:16:02.779,,5
para-que-sirve-una-factura-realmente,course-17-2,Para qué sirve una factura realmente,reading,2,50,2026-03-26 00:16:54.25,,5
pasivo-casi-siempre-requiere-trabajo-antes,course-23-1,“Pasivo” casi siempre requiere trabajo antes,reading,3,50,2026-03-26 00:17:53.892,,5
pasivo-pequeno-vs-pasivo-grande,course-23-2,Pasivo pequeño vs pasivo grande,reading,4,50,2026-03-26 00:17:57.68,,5
patrimonio-vs-ingreso-diferencia,course-27-1,Patrimonio vs ingreso (diferencia),reading,4,50,2026-03-26 00:18:36.078,,5
pausa-financiera-reglas-anti-impulso,course-1-2,Pausa financiera (reglas anti-impulso),reading,3,50,2026-03-26 00:14:04.377,,5
pensar-en-decadas-sin-volverte-loco,course-27-3,Pensar en décadas sin volverte loco,reading,1,50,2026-03-26 00:18:41.013,,5
perdidas-como-se-ven-y-como-se-manejan,course-25-2,Pérdidas: cómo se ven y cómo se manejan,reading,4,50,2026-03-26 00:18:18.597,,5
perfil-conservadormoderadoagresivo,course-25-2,Perfil conservador/moderado/agresivo,reading,1,50,2026-03-26 00:18:16.881,,5
phishing-links-falsos-y-mensajes-urgentes,course-18-1,Phishing: links falsos y mensajes urgentes,reading,2,50,2026-03-26 00:17:01.426,,5
plan-anual-de-patrimonio-simple,course-27-3,Plan anual de patrimonio (simple),reading,4,50,2026-03-26 00:18:42.659,,5
plan-anual-simple-metas,course-28-2,Plan anual simple (metas),reading,1,50,2026-03-26 00:18:48.199,,5
plan-basico-de-proteccion-personal,course-16-3,Plan básico de protección personal,reading,4,50,2026-03-26 00:16:48.298,,5
plan-de-30-dias,course-10-1,Plan de 30 días,reading,1,50,2026-03-26 00:15:37.359,,5
plan-de-accion-duplicar-tu-valor-de-mercado,course-2-3,Plan de Acción: Duplicar tu valor de mercado,reading,5,50,2026-03-26 00:14:20.363,,5
plan-de-inversion-simple-reglas,course-24-3,Plan de inversión simple (reglas),reading,4,50,2026-03-26 00:18:11.332,,5
plan-de-recorte-si-me-paso,course-10-1,Plan de recorte si me paso,reading,4,50,2026-03-26 00:15:39.002,,5
plan-para-salir-de-deuda-en-306090-dias,course-14-3,Plan para salir de deuda en 30/60/90 días,reading,1,50,2026-03-26 00:16:25.778,,5
plan-simple-para-epocas-caras,course-20-3,Plan simple para “épocas caras”,reading,5,50,2026-03-26 00:17:30.37,,5
plan-trimestral-simple,course-10-2,Plan trimestral simple,reading,1,50,2026-03-26 00:15:40.746,,5
por-que-a-ti-te-importa-aunque-seas-joven,course-17-1,¿Por qué a ti te importa aunque seas joven?,reading,5,50,2026-03-26 00:16:52.608,,5
por-que-el-historial-afecta-renta-creditos-y-mas,course-13-1,"¿Por qué el historial afecta renta, créditos y más?",reading,5,50,2026-03-26 00:16:10.932,,5
por-que-el-mercado-paga-lo-que-paga,course-2-1,¿Por qué el mercado paga lo que paga?,reading,1,50,2026-03-26 00:14:11.637,,5
por-que-el-tiempo-es-el-factor-mas-fuerte,course-15-1,¿Por qué el tiempo es el factor más fuerte?,reading,4,50,2026-03-26 00:16:31.284,,5
por-que-existen-los-impuestos-sin-politica,course-17-1,¿Por qué existen los impuestos (sin política)?,reading,1,50,2026-03-26 00:16:50.451,,5
por-que-suben-precios-causas-simples,course-20-1,¿Por qué suben precios (causas simples)?,reading,2,50,2026-03-26 00:17:22.109,,5
post-compra-culpa-y-aprendizaje,course-3-2,Post-compra: culpa y aprendizaje,reading,4,50,2026-03-26 00:14:28.148,,5
precio-vs-valor-sin-pena-cobrar,course-30-2,Precio vs valor (sin pena cobrar),reading,1,50,2026-03-26 00:19:09.047,,5
presion-social-en-decisiones-escenarios,course-3-3,Presión social en decisiones (escenarios),reading,3,50,2026-03-26 00:14:30.865,,5
presupuesto-flexible-vida-real,course-6-1,Presupuesto flexible (vida real),reading,3,50,2026-03-26 00:14:56.731,,5
presupuesto-por-categorias,course-6-1,Presupuesto por categorías,reading,4,50,2026-03-26 00:14:57.282,,5
presupuesto-sostenible-no-perfecto,course-6-3,Presupuesto sostenible (no perfecto),reading,5,50,2026-03-26 00:15:04.357,,5
prever-gastos-del-mes,course-10-1,Prever gastos del mes,reading,2,50,2026-03-26 00:15:37.912,,5
primero-activo-luego-ingreso-pasivo,course-23-2,"Primero activo, luego ingreso pasivo",reading,1,50,2026-03-26 00:17:56.053,,5
prioridades-que-va-primero,course-6-2,Prioridades: qué va primero,reading,2,50,2026-03-26 00:14:59.461,,5
priorizar-activos-antes-de-lujos-sin-moralina,course-21-3,Priorizar activos antes de lujos (sin moralina),reading,3,50,2026-03-26 00:17:39.653,,5
priorizar-que-pagar-primero-y-por-que,course-14-2,Priorizar: qué pagar primero y por qué,reading,2,50,2026-03-26 00:16:23.04,,5
probabilidad-vs-impacto-lo-importante,course-16-1,Probabilidad vs impacto (lo importante),reading,3,50,2026-03-26 00:16:41.073,,5
productos-financieros-que-son-y-como-se-comparan,course-11-1,Productos financieros: qué son y cómo se comparan,reading,3,50,2026-03-26 00:15:49.004,,5
protegerte-sin-panico-reglas,course-20-3,Protegerte sin pánico (reglas),reading,1,50,2026-03-26 00:17:28.208,,5
publicidad-como-te-manipula,course-3-1,Publicidad: cómo te manipula,reading,2,50,2026-03-26 00:14:23.782,,5
puntaje-que-significa-y-que-no-significa,course-13-1,Puntaje: qué significa y qué NO significa,reading,3,50,2026-03-26 00:16:09.852,,5
que-cambia-si-trabajas-formal-vs-informal-simple,course-17-3,¿Qué cambia si trabajas formal vs informal (simple)?,reading,2,50,2026-03-26 00:16:57.65,,5
que-conviene-primero-segun-tu-situacion,course-16-3,¿Qué conviene primero según tu situación?,reading,2,50,2026-03-26 00:16:47.21,,5
que-cosas-lo-suben-y-que-cosas-lo-bajan,course-13-1,¿Qué cosas lo suben y qué cosas lo bajan?,reading,2,50,2026-03-26 00:16:09.304,,5
que-decisiones-ayudan-ahorro-gasto-ingresos,course-20-3,"¿Qué decisiones ayudan (ahorro, gasto, ingresos)?",reading,2,50,2026-03-26 00:17:28.745,,5
que-es-credito-y-cuando-si-conviene,course-12-1,¿Qué es crédito y cuándo sí conviene?,reading,1,50,2026-03-26 00:15:58.367,,5
que-es-diversificar-y-por-que-funciona,course-26-1,¿Qué es diversificar y por qué funciona?,reading,1,50,2026-03-26 00:18:24.038,,5
que-es-el-dinero-para-mi,course-1-1,¿Qué es el dinero para mí?,reading,1,50,2026-03-26 00:13:59.986,,5
que-es-el-sistema-financiero-en-corto-y-claro,course-11-1,¿Qué es el sistema financiero (en corto y claro)?,reading,1,50,2026-03-26 00:15:47.92,,5
que-es-historial-crediticio-en-simple,course-13-1,¿Qué es historial crediticio (en simple)?,reading,1,50,2026-03-26 00:16:08.763,,5
que-es-inflacion-sin-tecnicismos,course-20-1,¿Qué es inflación (sin tecnicismos)?,reading,1,50,2026-03-26 00:17:21.554,,5
que-es-interes-en-1-minuto,course-15-1,¿Qué es interés (en 1 minuto)?,reading,1,50,2026-03-26 00:16:29.663,,5
que-es-libertad-financiera-realista,course-29-1,¿Qué es libertad financiera (realista)?,reading,1,50,2026-03-26 00:18:55.954,,5
que-es-patrimonio-neto-simple,course-27-1,¿Qué es patrimonio neto (simple)?,reading,1,50,2026-03-26 00:18:34.436,,5
que-es-riesgo-financiero-con-ejemplos,course-16-1,¿Qué es riesgo financiero (con ejemplos)?,reading,1,50,2026-03-26 00:16:39.984,,5
que-es-un-activo-simple-y-medible,course-21-1,¿Qué es un activo (simple y medible)?,reading,1,50,2026-03-26 00:17:32.002,,5
que-es-un-pasivo-simple-y-medible,course-21-1,¿Qué es un pasivo (simple y medible)?,reading,2,50,2026-03-26 00:17:32.533,,5
que-es-un-presupuesto-real,course-6-1,¿Qué es un presupuesto real?,reading,1,50,2026-03-26 00:14:55.63,,5
que-es-un-seguro-y-como-funciona,course-16-2,¿Qué es un seguro y cómo funciona?,reading,1,50,2026-03-26 00:16:43.37,,5
que-es-un-trigger-de-compra,course-3-1,¿Qué es un trigger de compra?,reading,1,50,2026-03-26 00:14:23.123,,5
que-es-valor-en-el-mercado-simple,course-22-2,¿Qué es “valor” en el mercado (simple)?,reading,1,50,2026-03-26 00:17:45.732,,5
que-es-y-por-que-existe,course-8-2,¿Qué es y por qué existe?,reading,1,50,2026-03-26 00:15:19.77,,5
que-espero-del-dinero,course-1-1,¿Qué espero del dinero?,reading,2,50,2026-03-26 00:14:00.537,,5
que-hace-un-banco-con-tu-dinero-sin-humo,course-11-1,¿Qué hace un banco con tu dinero (sin humo)?,reading,2,50,2026-03-26 00:15:48.465,,5
que-hacer-cuando-me-salgo,course-6-3,¿Qué hacer cuando me salgo?,reading,2,50,2026-03-26 00:15:02.728,,5
que-hacer-si-caes-en-fraude-pasos,course-18-2,¿Qué hacer si caes en fraude (pasos)?,reading,4,50,2026-03-26 00:17:05.823,,5
que-hacer-si-te-roban-el-celular-pasos,course-18-2,¿Qué hacer si te roban el celular (pasos)?,reading,3,50,2026-03-26 00:17:05.277,,5
que-hacer-si-tengo-ingresos-variables,course-6-2,¿Qué hacer si tengo ingresos variables?,reading,4,50,2026-03-26 00:15:00.568,,5
que-hacer-si-ya-te-estas-atorando,course-12-3,¿Qué hacer si ya te estás atorando?,reading,4,50,2026-03-26 00:16:06.584,,5
que-no-es-ingreso-pasivo-mitos,course-23-1,¿Qué NO es ingreso pasivo (mitos)?,reading,2,50,2026-03-26 00:17:53.35,,5
que-no-es-lujo-fama-dinero-infinito,course-29-1,"¿Qué NO es (lujo, fama, “dinero infinito”)?",reading,2,50,2026-03-26 00:18:56.479,,5
que-pasa-cuando-tu-perfil-no-coincide-con-tu-inversion,course-25-2,¿Qué pasa cuando tu perfil no coincide con tu inversión?,reading,2,50,2026-03-26 00:18:17.458,,5
que-pasa-si-siempre-quedo-en-0,course-5-3,¿Qué pasa si siempre quedo en 0?,reading,2,50,2026-03-26 00:14:52.251,,5
que-pasa-si-te-atrasas-impacto-real,course-13-3,¿Qué pasa si te atrasas (impacto real)?,reading,1,50,2026-03-26 00:16:15.434,,5
que-revisar-antes-de-firmaraceptar-algo,course-11-3,¿Qué revisar antes de firmar/aceptar algo?,reading,3,50,2026-03-26 00:15:55.555,,5
que-riesgos-se-previenen-con-habitos,course-16-1,¿Qué riesgos se previenen con hábitos?,reading,4,50,2026-03-26 00:16:41.62,,5
que-si-es-ingreso-pasivo,course-23-1,¿Qué sí es ingreso pasivo?,reading,1,50,2026-03-26 00:17:52.808,,5
que-significa-capacidad-de-pago,course-12-1,¿Qué significa “capacidad de pago”?,reading,3,50,2026-03-26 00:15:59.463,,5
que-son-y-por-que-importan,course-4-2,¿Qué son y por qué importan?,reading,1,50,2026-03-26 00:14:37.969,,5
recaidas-como-volver-sin-culpa,course-7-2,Recaídas: cómo volver sin culpa,reading,3,50,2026-03-26 00:15:10.49,,5
recompensas-sanas-por-avance,course-9-3,Recompensas sanas por avance,reading,4,50,2026-03-26 00:15:35.17,,5
reconstruir-el-fondo-despues,course-8-2,Reconstruir el fondo después,reading,5,50,2026-03-26 00:15:21.971,,5
recorte-inteligente-sin-sufrir,course-4-2,Recorte inteligente (sin “sufrir”),reading,3,50,2026-03-26 00:14:39.179,,5
redes-comparacion-y-presion,course-3-1,Redes: comparación y presión,reading,3,50,2026-03-26 00:14:24.32,,5
reescribir-creencias-en-reglas-utiles,course-1-3,Reescribir creencias en reglas útiles,reading,5,50,2026-03-26 00:14:08.895,,5
refinanciar-cuando-si-y-cuando-no,course-14-3,Refinanciar: cuándo sí y cuándo no,reading,3,50,2026-03-26 00:16:26.967,,5
registrar-gastos-metodo-simple,course-7-1,Registrar gastos (método simple),reading,1,50,2026-03-26 00:15:05.999,,5
regla-de-ahorro-minimo,course-10-3,Regla de ahorro mínimo,reading,4,50,2026-03-26 00:15:45.725,,5
regla-de-compras-grandes,course-10-3,Regla de compras grandes,reading,3,50,2026-03-26 00:15:45.184,,5
regla-de-compras-pausa,course-7-1,Regla de compras (pausa),reading,4,50,2026-03-26 00:15:07.647,,5
regla-de-oro-como-usar-tarjeta-sin-caer-en-deuda,course-12-2,Regla de oro: cómo usar tarjeta sin caer en deuda,reading,5,50,2026-03-26 00:16:03.863,,5
regla-de-oro-nunca-actuar-con-urgencia,course-18-3,Regla de oro: nunca actuar con urgencia,reading,1,50,2026-03-26 00:17:07.442,,5
regla-de-prioridades,course-10-3,Regla de prioridades,reading,2,50,2026-03-26 00:15:44.634,,5
regla-personal-anti-estatus,course-3-3,Regla personal anti-estatus,reading,5,50,2026-03-26 00:14:31.96,,5
reglas-basicas-para-manejar-tu-cuenta-sin-problemas,course-11-2,Reglas básicas para manejar tu cuenta sin problemas,reading,5,50,2026-03-26 00:15:53.378,,5
reglas-de-proteccion-del-patrimonio,course-27-3,Reglas de protección del patrimonio,reading,3,50,2026-03-26 00:18:42.106,,5
reglas-para-comprar-sin-destruir-tu-patrimonio,course-21-3,Reglas para comprar sin destruir tu patrimonio,reading,1,50,2026-03-26 00:17:38.549,,5
reglas-para-no-caer-en-promesas-falsas,course-23-2,Reglas para no caer en promesas falsas,reading,3,50,2026-03-26 00:17:57.142,,5
reglas-para-sostener-el-camino,course-29-2,Reglas para sostener el camino,reading,4,50,2026-03-26 00:19:00.661,,5
reglas-personales-de-gasto,course-10-3,Reglas personales de gasto,reading,1,50,2026-03-26 00:15:44.089,,5
reinvertir-vs-gastar-ganancias,course-27-2,Reinvertir vs gastar ganancias,reading,3,50,2026-03-26 00:18:38.814,,5
reinvertir-vs-sacar-ganancias-decision-clave,course-30-3,Reinvertir vs sacar ganancias (decisión clave),reading,1,50,2026-03-26 00:19:12.313,,5
rendimiento-esperado-vs-realidad,course-24-1,Rendimiento esperado vs realidad,reading,3,50,2026-03-26 00:18:04.248,,5
renta-fija-vs-renta-variable-simple,course-24-2,Renta fija vs renta variable (simple),reading,1,50,2026-03-26 00:18:06.448,,5
reto-semana-sin-gasto-hormiga,course-4-2,Reto: semana sin gasto hormiga,reading,5,50,2026-03-26 00:14:40.273,,5
revisar-semanal-10-min,course-7-1,Revisar semanal (10 min),reading,2,50,2026-03-26 00:15:06.552,,5
revisar-semanalmente,course-6-3,Revisar semanalmente,reading,3,50,2026-03-26 00:15:03.265,,5
revisar-y-corregir-a-mitad,course-10-2,Revisar y corregir a mitad,reading,5,50,2026-03-26 00:15:42.928,,5
revision-mensual-20-min,course-28-3,Revisión mensual (20 min),reading,2,50,2026-03-26 00:18:52.013,,5
revision-trimestral-1-hora,course-28-3,Revisión trimestral (1 hora),reading,3,50,2026-03-26 00:18:52.556,,5
riesgo-de-estafa-seguridad,course-25-1,Riesgo de estafa (seguridad),reading,4,50,2026-03-26 00:18:15.224,,5
riesgo-de-liquidez-no-poder-sacar-dinero,course-25-1,Riesgo de liquidez (no poder sacar dinero),reading,3,50,2026-03-26 00:18:14.682,,5
riesgo-de-mercado-concepto-simple,course-25-1,Riesgo de mercado (concepto simple),reading,1,50,2026-03-26 00:18:13.493,,5
riesgo-personal-deuda-ingresos-emergencias,course-25-1,"Riesgo personal (deuda, ingresos, emergencias)",reading,2,50,2026-03-26 00:18:14.14,,5
riesgo-vs-recompensa-sin-formula,course-25-2,Riesgo vs recompensa (sin fórmula),reading,3,50,2026-03-26 00:18:18.053,,5
riesgos-que-si-controlas-habitos,course-25-3,Riesgos que sí controlas (hábitos),reading,1,50,2026-03-26 00:18:20.225,,5
riesgos-tipicos-en-jovenes-salud-robo-accidente,course-16-1,"Riesgos típicos en jóvenes (salud, robo, accidente)",reading,2,50,2026-03-26 00:16:40.527,,5
romper-una-meta-en-pasos,course-9-1,Romper una meta en pasos,reading,4,50,2026-03-26 00:15:28.6,,5
rutina-mensual-20-min-en-apps,course-19-3,Rutina mensual (20 min) en apps,reading,2,50,2026-03-26 00:17:18.346,,5
rutina-semanal-10-min-en-apps,course-19-3,Rutina semanal (10 min) en apps,reading,1,50,2026-03-26 00:17:17.806,,5
seguro-util-vs-seguro-innecesario-criterios,course-16-2,Seguro útil vs seguro innecesario (criterios),reading,3,50,2026-03-26 00:16:44.483,,5
semana-de-balance-seguimiento-real,course-5-3,Semana de balance: seguimiento real,reading,5,50,2026-03-26 00:14:53.885,,5
senales-de-compra-impulsiva,course-3-2,Señales de compra impulsiva,reading,1,50,2026-03-26 00:14:26.504,,5
senales-de-deuda-saludable-vs-peligrosa,course-14-1,Señales de deuda saludable vs peligrosa,reading,2,50,2026-03-26 00:16:19.779,,5
senales-de-emocion-dominando-una-decision,course-1-2,Señales de emoción dominando una decisión,reading,2,50,2026-03-26 00:14:03.83,,5
senales-de-estafa-del-pasivo-rapido,course-23-1,Señales de estafa del “pasivo rápido”,reading,5,50,2026-03-26 00:17:54.973,,5
senales-de-que-no-debes-pedir-credito,course-12-1,Señales de que NO debes pedir crédito,reading,5,50,2026-03-26 00:16:00.561,,5
senales-de-un-producto-malo-para-ti,course-11-1,Señales de un producto “malo” para ti,reading,5,50,2026-03-26 00:15:50.105,,5
separar-ahorro-primero,course-7-1,Separar ahorro primero,reading,3,50,2026-03-26 00:15:07.105,,5
separar-ahorro-y-gasto-fisico-o-digital,course-8-1,Separar ahorro y gasto (físico o digital),reading,3,50,2026-03-26 00:15:17.587,,5
separar-finanzas-personales-y-del-negocio,course-30-3,Separar finanzas personales y del negocio,reading,2,50,2026-03-26 00:19:12.838,,5
sistema-de-recompensas-sin-gastar,course-7-2,Sistema de recompensas (sin gastar),reading,5,50,2026-03-26 00:15:11.579,,5
sistemas-repetir-no-improvisar,course-22-3,"Sistemas: repetir, no improvisar",reading,2,50,2026-03-26 00:17:49.55,,5
sobrediversificacion-tambien-pasa,course-26-3,Sobrediversificación (también pasa),reading,4,50,2026-03-26 00:18:32.267,,5
soft-skills-el-multiplicador-invisible-de-ingresos,course-2-2,Soft Skills: El multiplicador invisible de ingresos,reading,4,50,2026-03-26 00:14:16.547,,5
subir-precio-sin-perder-clientes-idea,course-30-2,Subir precio sin perder clientes (idea),reading,4,50,2026-03-26 00:19:10.724,,5
suscripciones-y-cobros-fantasma,course-4-3,Suscripciones y “cobros fantasma”,reading,1,50,2026-03-26 00:14:41.341,,5
sustituciones-barato-saludable-util,course-4-2,"Sustituciones (barato, saludable, útil)",reading,4,50,2026-03-26 00:14:39.721,,5
tarjeta-para-construir-historial-estrategia-segura,course-12-3,Tarjeta para construir historial (estrategia segura),reading,2,50,2026-03-26 00:16:05.508,,5
tarjetas-digitalesvirtuales-que-son,course-19-2,Tarjetas digitales/virtuales (qué son),reading,3,50,2026-03-26 00:17:15.649,,5
tengo-muchas-cosas-diversificado,course-26-3,“Tengo muchas cosas” ≠ diversificado,reading,1,50,2026-03-26 00:18:30.65,,5
ticket-vs-factura-diferencias,course-17-2,Ticket vs factura (diferencias),reading,1,50,2026-03-26 00:16:53.698,,5
tiempo-capital-y-riesgo-en-ingresos-pasivos,course-23-1,"Tiempo, capital y riesgo en ingresos pasivos",reading,4,50,2026-03-26 00:17:54.428,,5
tiempo-cuanto-te-falta-estimacion,course-29-3,Tiempo: cuánto te falta (estimación),reading,2,50,2026-03-26 00:19:02.74,,5
tiempo-vs-dinero-tradeoffs,course-22-1,Tiempo vs dinero (tradeoffs),reading,4,50,2026-03-26 00:17:44.097,,5
tiempo-y-monto-diariosemanal,course-9-1,Tiempo y monto diario/semanal,reading,2,50,2026-03-26 00:15:27.501,,5
tipos-de-deuda-personal-consumo-educativa,course-14-1,"Tipos de deuda (personal, consumo, educativa)",reading,1,50,2026-03-26 00:16:19.236,,5
transferencias-limites-y-horarios-vida-real,course-19-2,"Transferencias, límites y horarios (vida real)",reading,1,50,2026-03-26 00:17:14.573,,5
transferencias-seguras-a-quien-si-y-a-quien-no,course-18-3,Transferencias seguras (a quién sí y a quién no),reading,3,50,2026-03-26 00:17:08.521,,5
transferencias-spei-como-funcionan,course-11-2,Transferencias SPEI: cómo funcionan,reading,3,50,2026-03-26 00:15:52.285,,5
utilizacion-por-que-no-conviene-usar-todo-tu-limite,course-13-2,Utilización: por qué no conviene usar todo tu límite,reading,3,50,2026-03-26 00:16:13.266,,5
verificar-antes-de-pagar-pasos,course-18-3,Verificar antes de pagar (pasos),reading,2,50,2026-03-26 00:17:07.978,,5